model,race_id,race_no,rank,horse_no,horse_name,pwin,pplace,win_raw_quote,win_gross_quote_hkd_per_10,win_ev_hkd_per_10,quote_status,quote_retrieved_at_utc,quote_source_url
benter_conditional_logit,HKJC:2026-10-07:HV:R1,1,1,9,GOLDEN FORTUNE,0.2374296139010829,0.5759513512925237,8.2,82.0,9.469228339888797,indicative_snapshot_not_final,2026-10-06T13:23:25.797981+00:00,https://info.cld.hkjc.com/graphql/base/
benter_conditional_logit,HKJC:2026-10-07:HV:R1,1,2,1,CAN'T GO WONG,0.1690433365089219,0.46045841556780354,4.0,40.0,-3.2382665396431243,indicative_snapshot_not_final,2026-10-06T13:23:25.797981+00:00,https://info.cld.hkjc.com/graphql/base/
benter_conditional_logit,HKJC:2026-10-07:HV:R1,1,3,5,OCEAN IMPACT,0.0994496227557425,0.3064700253170813,8.2,82.0,-1.8451309340291147,indicative_snapshot_not_final,2026-10-06T13:23:25.797981+00:00,https://info.cld.hkjc.com/graphql/base/
benter_conditional_logit,HKJC:2026-10-07:HV:R1,1,4,6,YOUNG FIGHTER,0.0820796307082622,0.2615350396770788,13,130.0,0.6703519920740852,indicative_snapshot_not_final,2026-10-06T13:23:25.797981+00:00,https://info.cld.hkjc.com/graphql/base/
benter_conditional_logit,HKJC:2026-10-07:HV:R1,1,5,4,KINGLY DEMEANOR,0.075287331144151,0.2432010085834643,4.9,49.0,-6.310920773936601,indicative_snapshot_not_final,2026-10-06T13:23:25.797981+00:00,https://info.cld.hkjc.com/graphql/base/
benter_conditional_logit,HKJC:2026-10-07:HV:R1,1,6,12,TURF PHOENIX,0.0578751160082814,0.19413300915345344,23,230.0,3.3112766819047224,indicative_snapshot_not_final,2026-10-06T13:23:25.797981+00:00,https://info.cld.hkjc.com/graphql/base/
benter_conditional_logit,HKJC:2026-10-07:HV:R1,1,7,10,SPLENDID FORCE,0.0562369615878429,0.18935659075746714,14,140.0,-2.1268253777019934,indicative_snapshot_not_final,2026-10-06T13:23:25.797981+00:00,https://info.cld.hkjc.com/graphql/base/
benter_conditional_logit,HKJC:2026-10-07:HV:R1,1,8,3,GRAND TURBO,0.053751379038683,0.18205432668221264,10,100.0,-4.624862096131699,indicative_snapshot_not_final,2026-10-06T13:23:25.797981+00:00,https://info.cld.hkjc.com/graphql/base/
benter_conditional_logit,HKJC:2026-10-07:HV:R1,1,9,2,SHARPEN BRIGHT,0.0526270529715441,0.17872917531330593,16,160.0,-1.5796715245529427,indicative_snapshot_not_final,2026-10-06T13:23:25.797981+00:00,https://info.cld.hkjc.com/graphql/base/
benter_conditional_logit,HKJC:2026-10-07:HV:R1,1,10,11,PERFECT PAIRING,0.0468972037404716,0.1615644941807151,13,130.0,-3.903363513738692,indicative_snapshot_not_final,2026-10-06T13:23:25.797981+00:00,https://info.cld.hkjc.com/graphql/base/
benter_conditional_logit,HKJC:2026-10-07:HV:R1,1,11,8,GOOD LUCK WIN,0.0416426941187192,0.14548980935436856,12,120.0,-5.002876705753696,indicative_snapshot_not_final,2026-10-06T13:23:25.797981+00:00,https://info.cld.hkjc.com/graphql/base/
benter_conditional_logit,HKJC:2026-10-07:HV:R1,1,12,7,SMILING ONE,0.027680057516297,0.10105675412052557,37,370.0,0.24162128102988945,indicative_snapshot_not_final,2026-10-06T13:23:25.797981+00:00,https://info.cld.hkjc.com/graphql/base/
benter_conditional_logit,HKJC:2026-10-07:HV:R2,2,1,10,LOVING VIBES,0.2368282108558965,0.5804348860972928,2.6,26.0,-3.842466517746691,indicative_snapshot_not_final,2026-10-06T13:23:27.262967+00:00,https://info.cld.hkjc.com/graphql/base/
benter_conditional_logit,HKJC:2026-10-07:HV:R2,2,2,4,WINNING MONEY,0.139296099058252,0.40388590577739814,9.9,99.0,3.7903138067669477,indicative_snapshot_not_final,2026-10-06T13:23:27.262967+00:00,https://info.cld.hkjc.com/graphql/base/
benter_conditional_logit,HKJC:2026-10-07:HV:R2,2,3,2,LUCKY MCQUEEN,0.1328344119614325,0.3895890627949458,7.9,79.0,0.4939185449531678,indicative_snapshot_not_final,2026-10-06T13:23:27.262967+00:00,https://info.cld.hkjc.com/graphql/base/
benter_conditional_logit,HKJC:2026-10-07:HV:R2,2,4,7,NEW POWER,0.1072357334435107,0.3294289143888649,14,140.0,5.013002682091498,indicative_snapshot_not_final,2026-10-06T13:23:27.262967+00:00,https://info.cld.hkjc.com/graphql/base/
benter_conditional_logit,HKJC:2026-10-07:HV:R2,2,5,5,WORLD HERO,0.0898964183146042,0.28537271372178274,9.8,98.0,-1.1901510051687882,indicative_snapshot_not_final,2026-10-06T13:23:27.262967+00:00,https://info.cld.hkjc.com/graphql/base/
benter_conditional_logit,HKJC:2026-10-07:HV:R2,2,6,6,HAYDAY,0.0843323166475262,0.27064680106984335,7.4,74.0,-3.759408568083061,indicative_snapshot_not_final,2026-10-06T13:23:27.262967+00:00,https://info.cld.hkjc.com/graphql/base/
benter_conditional_logit,HKJC:2026-10-07:HV:R2,2,7,8,I AM BACK,0.0767617959298849,0.25013716897244975,25,250.0,9.190448982471224,indicative_snapshot_not_final,2026-10-06T13:23:27.262967+00:00,https://info.cld.hkjc.com/graphql/base/
benter_conditional_logit,HKJC:2026-10-07:HV:R2,2,8,12,TACTICAL COMMAND,0.0388514272833975,0.1385251207167245,24,240.0,-0.6756574519846001,indicative_snapshot_not_final,2026-10-06T13:23:27.262967+00:00,https://info.cld.hkjc.com/graphql/base/
benter_conditional_logit,HKJC:2026-10-07:HV:R2,2,9,9,LIGHTNESS OF BEING,0.0300441347440686,0.1101561330361276,16,160.0,-5.192938440949025,indicative_snapshot_not_final,2026-10-06T13:23:27.262967+00:00,https://info.cld.hkjc.com/graphql/base/
benter_conditional_logit,HKJC:2026-10-07:HV:R2,2,10,1,GLORIOUS DYNASTY,0.0249595076133266,0.09325892632677864,13,130.0,-6.755264010267542,indicative_snapshot_not_final,2026-10-06T13:23:27.262967+00:00,https://info.cld.hkjc.com/graphql/base/
benter_conditional_logit,HKJC:2026-10-07:HV:R2,2,11,11,SMILING CHAMPION,0.0246781621241448,0.09231171630601671,36,360.0,-1.1158616353078727,indicative_snapshot_not_final,2026-10-06T13:23:27.262967+00:00,https://info.cld.hkjc.com/graphql/base/
benter_conditional_logit,HKJC:2026-10-07:HV:R2,2,12,3,VIGOR HAPPINESS,0.0142817820239551,0.056252650791774945,19,190.0,-7.286461415448532,indicative_snapshot_not_final,2026-10-06T13:23:27.262967+00:00,https://info.cld.hkjc.com/graphql/base/
benter_conditional_logit,HKJC:2026-10-07:HV:R3,3,1,6,DECISION LINK,0.1771604093524967,0.4657907797851678,7.0,70.0,2.4012286546747674,indicative_snapshot_not_final,2026-10-06T13:23:27.872509+00:00,https://info.cld.hkjc.com/graphql/base/
benter_conditional_logit,HKJC:2026-10-07:HV:R3,3,2,4,SUNDAY'S SERENADE,0.1607364434349278,0.4344393794942777,6.0,60.0,-0.35581339390433264,indicative_snapshot_not_final,2026-10-06T13:23:27.872509+00:00,https://info.cld.hkjc.com/graphql/base/
benter_conditional_logit,HKJC:2026-10-07:HV:R3,3,3,10,FORTUNE STAR,0.0992879408619541,0.2987488277410122,2.5,25.0,-7.5178014784511475,indicative_snapshot_not_final,2026-10-06T13:23:27.872509+00:00,https://info.cld.hkjc.com/graphql/base/
benter_conditional_logit,HKJC:2026-10-07:HV:R3,3,4,2,RAGGA BOMB,0.089684082393235,0.27473794621517883,26,260.0,13.317861422241101,indicative_snapshot_not_final,2026-10-06T13:23:27.872509+00:00,https://info.cld.hkjc.com/graphql/base/
benter_conditional_logit,HKJC:2026-10-07:HV:R3,3,5,3,CLASS,0.0881957602556507,0.27094498394624467,10,100.0,-1.1804239744349303,indicative_snapshot_not_final,2026-10-06T13:23:27.872509+00:00,https://info.cld.hkjc.com/graphql/base/
benter_conditional_logit,HKJC:2026-10-07:HV:R3,3,6,1,EXCEED THE LIMIT,0.0767701211182546,0.24116802372988252,18,180.0,3.8186218012858273,indicative_snapshot_not_final,2026-10-06T13:23:27.872509+00:00,https://info.cld.hkjc.com/graphql/base/
benter_conditional_logit,HKJC:2026-10-07:HV:R3,3,7,7,DASHING MAURISON,0.0727776131662932,0.23048227976840752,35,350.0,15.472164608202622,indicative_snapshot_not_final,2026-10-06T13:23:27.872509+00:00,https://info.cld.hkjc.com/graphql/base/
benter_conditional_logit,HKJC:2026-10-07:HV:R3,3,8,8,LUCK IS BACK,0.0663329473093117,0.21291725670212772,11,110.0,-2.7033757959757123,indicative_snapshot_not_final,2026-10-06T13:23:27.872509+00:00,https://info.cld.hkjc.com/graphql/base/
benter_conditional_logit,HKJC:2026-10-07:HV:R3,3,9,5,BULLISH NOVA,0.0584488397633379,0.19088123725337006,6.8,68.0,-6.025478896093023,indicative_snapshot_not_final,2026-10-06T13:23:27.872509+00:00,https://info.cld.hkjc.com/graphql/base/
benter_conditional_logit,HKJC:2026-10-07:HV:R3,3,10,12,GLORIOUS ST PAUL'S,0.0501457953889972,0.16699172777125493,61,610.0,20.588935187288293,indicative_snapshot_not_final,2026-10-06T13:23:27.872509+00:00,https://info.cld.hkjc.com/graphql/base/
benter_conditional_logit,HKJC:2026-10-07:HV:R3,3,11,9,COLOURFUL GAN,0.0332511670548859,0.11600591853031109,45,450.0,4.963025174698656,indicative_snapshot_not_final,2026-10-06T13:23:27.872509+00:00,https://info.cld.hkjc.com/graphql/base/
benter_conditional_logit,HKJC:2026-10-07:HV:R3,3,12,11,LUCKY XANDER,0.0272088799006548,0.0968916390627653,63,630.0,7.141594337412524,indicative_snapshot_not_final,2026-10-06T13:23:27.872509+00:00,https://info.cld.hkjc.com/graphql/base/
benter_conditional_logit,HKJC:2026-10-07:HV:R4,4,1,8,ABSOLUTE HONOUR,0.2330877540766184,0.5760110618373101,10,100.0,13.308775407661837,indicative_snapshot_not_final,2026-10-06T13:23:29.792552+00:00,https://info.cld.hkjc.com/graphql/base/
benter_conditional_logit,HKJC:2026-10-07:HV:R4,4,2,10,PRECISION HOPE,0.1638306023676149,0.45606044800770007,5.2,52.0,-1.4808086768840258,indicative_snapshot_not_final,2026-10-06T13:23:29.792552+00:00,https://info.cld.hkjc.com/graphql/base/
benter_conditional_logit,HKJC:2026-10-07:HV:R4,4,3,12,PRESTIGE RICKY,0.1234153110255996,0.36900020812662854,8.3,83.0,0.24347081512476798,indicative_snapshot_not_final,2026-10-06T13:23:29.792552+00:00,https://info.cld.hkjc.com/graphql/base/
benter_conditional_logit,HKJC:2026-10-07:HV:R4,4,4,2,SKY DEEP,0.1142853215072933,0.34741155691852765,4.3,43.0,-5.085731175186388,indicative_snapshot_not_final,2026-10-06T13:23:29.792552+00:00,https://info.cld.hkjc.com/graphql/base/
benter_conditional_logit,HKJC:2026-10-07:HV:R4,4,5,4,TAKE ACTION,0.0841567560193349,0.2708621593963117,11,110.0,-0.742756837873161,indicative_snapshot_not_final,2026-10-06T13:23:29.792552+00:00,https://info.cld.hkjc.com/graphql/base/
benter_conditional_logit,HKJC:2026-10-07:HV:R4,4,6,11,PODIUM,0.0594365709748684,0.20158840769879868,24,240.0,4.264777033968416,indicative_snapshot_not_final,2026-10-06T13:23:29.792552+00:00,https://info.cld.hkjc.com/graphql/base/
benter_conditional_logit,HKJC:2026-10-07:HV:R4,4,7,9,AMAZING AWARD,0.0593703128928088,0.20139431783704737,24,240.0,4.248875094274112,indicative_snapshot_not_final,2026-10-06T13:23:29.792552+00:00,https://info.cld.hkjc.com/graphql/base/
benter_conditional_logit,HKJC:2026-10-07:HV:R4,4,8,5,JUMBO STEPS,0.0518762429709477,0.17913311037734223,15,150.0,-2.2185635543578446,indicative_snapshot_not_final,2026-10-06T13:23:29.792552+00:00,https://info.cld.hkjc.com/graphql/base/
benter_conditional_logit,HKJC:2026-10-07:HV:R4,4,9,3,STURDY RUBY,0.0474457901975199,0.16567552861895335,12,120.0,-4.3065051762976125,indicative_snapshot_not_final,2026-10-06T13:23:29.792552+00:00,https://info.cld.hkjc.com/graphql/base/
benter_conditional_logit,HKJC:2026-10-07:HV:R4,4,10,1,VIVA GRACIOUSNESS,0.0445610934050934,0.15678947840814464,5.7,57.0,-7.460017675909676,indicative_snapshot_not_final,2026-10-06T13:23:29.792552+00:00,https://info.cld.hkjc.com/graphql/base/
benter_conditional_logit,HKJC:2026-10-07:HV:R4,4,11,7,MISSION GIANT,0.009671358272243,0.03955130217369442,44,440.0,-5.74460236021308,indicative_snapshot_not_final,2026-10-06T13:23:29.792552+00:00,https://info.cld.hkjc.com/graphql/base/
benter_conditional_logit,HKJC:2026-10-07:HV:R4,4,12,6,BLAZING METEOR,0.0088628862900573,0.036522420599540646,15,150.0,-8.670567056491405,indicative_snapshot_not_final,2026-10-06T13:23:29.792552+00:00,https://info.cld.hkjc.com/graphql/base/
benter_conditional_logit,HKJC:2026-10-07:HV:R5,5,1,4,SUPERB KING,0.2193681951539693,0.5517526612568154,3.1,31.0,-3.199585950226952,indicative_snapshot_not_final,2026-10-06T13:23:30.462226+00:00,https://info.cld.hkjc.com/graphql/base/
benter_conditional_logit,HKJC:2026-10-07:HV:R5,5,2,8,GEORGIAN SIGMA,0.1737649092296436,0.4724642755391806,3.8,38.0,-3.3969334492735435,indicative_snapshot_not_final,2026-10-06T13:23:30.462226+00:00,https://info.cld.hkjc.com/graphql/base/
benter_conditional_logit,HKJC:2026-10-07:HV:R5,5,3,12,MAPOGO,0.1189035501226124,0.3559719192641944,27,270.0,22.10395853310535,indicative_snapshot_not_final,2026-10-06T13:23:30.462226+00:00,https://info.cld.hkjc.com/graphql/base/
benter_conditional_logit,HKJC:2026-10-07:HV:R5,5,4,9,GOLDEN ACE,0.116535295251917,0.3503785591610848,7.0,70.0,-1.8425293323658103,indicative_snapshot_not_final,2026-10-06T13:23:30.462226+00:00,https://info.cld.hkjc.com/graphql/base/
benter_conditional_logit,HKJC:2026-10-07:HV:R5,5,5,7,BRILLIANT TURN,0.0721757193773018,0.2363138139888116,18,180.0,2.9916294879143237,indicative_snapshot_not_final,2026-10-06T13:23:30.462226+00:00,https://info.cld.hkjc.com/graphql/base/
benter_conditional_logit,HKJC:2026-10-07:HV:R5,5,6,1,GRAND NOVA,0.0717050731807462,0.23500463376393974,10,100.0,-2.8294926819253794,indicative_snapshot_not_final,2026-10-06T13:23:30.462226+00:00,https://info.cld.hkjc.com/graphql/base/
benter_conditional_logit,HKJC:2026-10-07:HV:R5,5,7,6,BEAUTY SHOW,0.0658668490551555,0.21858078165515837,11,110.0,-2.754646603932896,indicative_snapshot_not_final,2026-10-06T13:23:30.462226+00:00,https://info.cld.hkjc.com/graphql/base/
benter_conditional_logit,HKJC:2026-10-07:HV:R5,5,8,5,VIGOR EYE,0.0498511705093788,0.17170430850603402,20,200.0,-0.029765898124239243,indicative_snapshot_not_final,2026-10-06T13:23:30.462226+00:00,https://info.cld.hkjc.com/graphql/base/
benter_conditional_logit,HKJC:2026-10-07:HV:R5,5,9,10,IRON SECURITY,0.042190513630596,0.14826996122575611,22,220.0,-0.7180870012688807,indicative_snapshot_not_final,2026-10-06T13:23:30.462226+00:00,https://info.cld.hkjc.com/graphql/base/
benter_conditional_logit,HKJC:2026-10-07:HV:R5,5,10,2,MASTER CHAMPION,0.0325468596940361,0.1177297648697705,25,250.0,-1.8632850764909765,indicative_snapshot_not_final,2026-10-06T13:23:30.462226+00:00,https://info.cld.hkjc.com/graphql/base/
benter_conditional_logit,HKJC:2026-10-07:HV:R5,5,11,11,JACKSON HABIT,0.0200722000113447,0.07620657137213441,24,240.0,-5.1826719972772715,indicative_snapshot_not_final,2026-10-06T13:23:30.462226+00:00,https://info.cld.hkjc.com/graphql/base/
benter_conditional_logit,HKJC:2026-10-07:HV:R5,5,12,3,COPPER CORE,0.0170196647832983,0.06562274939712047,29,290.0,-5.064297212843493,indicative_snapshot_not_final,2026-10-06T13:23:30.462226+00:00,https://info.cld.hkjc.com/graphql/base/
benter_conditional_logit,HKJC:2026-10-07:HV:R6,6,1,9,NO OTHER CHOICE,0.164369260034081,0.4397964342717429,3.2,32.0,-4.740183678909408,indicative_snapshot_not_final,2026-10-06T13:23:31.462201+00:00,https://info.cld.hkjc.com/graphql/base/
benter_conditional_logit,HKJC:2026-10-07:HV:R6,6,2,10,KWAI CHUNG TALENTS,0.1466619863401937,0.40433409650389024,5.3,53.0,-2.226914723969734,indicative_snapshot_not_final,2026-10-06T13:23:31.462201+00:00,https://info.cld.hkjc.com/graphql/base/
benter_conditional_logit,HKJC:2026-10-07:HV:R6,6,3,7,POET'S REIGN,0.1075140867744415,0.3173267357745771,11,110.0,1.8265495451885663,indicative_snapshot_not_final,2026-10-06T13:23:31.462201+00:00,https://info.cld.hkjc.com/graphql/base/
benter_conditional_logit,HKJC:2026-10-07:HV:R6,6,4,5,CALIFORNIA BAY,0.0980916989386234,0.29452549476451517,7.5,75.0,-2.6431225796032445,indicative_snapshot_not_final,2026-10-06T13:23:31.462201+00:00,https://info.cld.hkjc.com/graphql/base/
benter_conditional_logit,HKJC:2026-10-07:HV:R6,6,5,8,HAPPY UNITED,0.0854959253431029,0.26286033413632814,21,210.0,7.954144322051608,indicative_snapshot_not_final,2026-10-06T13:23:31.462201+00:00,https://info.cld.hkjc.com/graphql/base/
benter_conditional_logit,HKJC:2026-10-07:HV:R6,6,6,6,KING OBERON,0.0748075478912655,0.23489083016453627,12,120.0,-1.023094253048141,indicative_snapshot_not_final,2026-10-06T13:23:31.462201+00:00,https://info.cld.hkjc.com/graphql/base/
benter_conditional_logit,HKJC:2026-10-07:HV:R6,6,7,4,UNSTOPPAPLE,0.0746959010640643,0.23459319315787194,7.3,73.0,-4.5471992223233055,indicative_snapshot_not_final,2026-10-06T13:23:31.462201+00:00,https://info.cld.hkjc.com/graphql/base/
benter_conditional_logit,HKJC:2026-10-07:HV:R6,6,8,12,MAJESTIC DELIGHT,0.0692027104954767,0.21980590913162798,37,370.0,15.605002883326378,indicative_snapshot_not_final,2026-10-06T13:23:31.462201+00:00,https://info.cld.hkjc.com/graphql/base/
benter_conditional_logit,HKJC:2026-10-07:HV:R6,6,9,2,GRIT SPIRIT,0.0580843722112178,0.1889933337408611,11,110.0,-3.610719056766042,indicative_snapshot_not_final,2026-10-06T13:23:31.462201+00:00,https://info.cld.hkjc.com/graphql/base/
benter_conditional_logit,HKJC:2026-10-07:HV:R6,6,10,1,HEALTHY HEALTHY,0.0563548429005808,0.18409028549893433,24,240.0,3.525162296139392,indicative_snapshot_not_final,2026-10-06T13:23:31.462201+00:00,https://info.cld.hkjc.com/graphql/base/
benter_conditional_logit,HKJC:2026-10-07:HV:R6,6,11,3,STARRY SHOW,0.0539207386104019,0.1771379855115262,21,210.0,1.3233551081843995,indicative_snapshot_not_final,2026-10-06T13:23:31.462201+00:00,https://info.cld.hkjc.com/graphql/base/
benter_conditional_logit,HKJC:2026-10-07:HV:R6,6,12,11,VIEW OF COSMOS,0.0108009293965498,0.041645367343588466,32,320.0,-6.543702593104063,indicative_snapshot_not_final,2026-10-06T13:23:31.462201+00:00,https://info.cld.hkjc.com/graphql/base/
benter_conditional_logit,HKJC:2026-10-07:HV:R7,7,1,9,BRIGHT DAY,0.17446212845042,0.46281074469414196,10,100.0,7.446212845042002,indicative_snapshot_not_final,2026-10-06T13:23:32.955824+00:00,https://info.cld.hkjc.com/graphql/base/
benter_conditional_logit,HKJC:2026-10-07:HV:R7,7,2,5,TARGET AUDIENCE,0.1590004069375109,0.4329594639523123,4.0,40.0,-3.6399837224995633,indicative_snapshot_not_final,2026-10-06T13:23:32.955824+00:00,https://info.cld.hkjc.com/graphql/base/
benter_conditional_logit,HKJC:2026-10-07:HV:R7,7,3,12,YOUNG ARROW,0.1106274752858508,0.32765652475544943,17,170.0,8.806670798594638,indicative_snapshot_not_final,2026-10-06T13:23:32.955824+00:00,https://info.cld.hkjc.com/graphql/base/
benter_conditional_logit,HKJC:2026-10-07:HV:R7,7,4,2,FLYING WROTE,0.1087349339226046,0.3231512488502435,5.7,57.0,-3.8021087664115383,indicative_snapshot_not_final,2026-10-06T13:23:32.955824+00:00,https://info.cld.hkjc.com/graphql/base/
benter_conditional_logit,HKJC:2026-10-07:HV:R7,7,5,10,QUANTUM CLOUD,0.0883713784166147,0.2727374809273856,11,110.0,-0.27914837417238303,indicative_snapshot_not_final,2026-10-06T13:23:32.955824+00:00,https://info.cld.hkjc.com/graphql/base/
benter_conditional_logit,HKJC:2026-10-07:HV:R7,7,6,11,DARYL FLASH,0.0872271019698075,0.2697971622836596,4.7,47.0,-5.900326207419048,indicative_snapshot_not_final,2026-10-06T13:23:32.955824+00:00,https://info.cld.hkjc.com/graphql/base/
benter_conditional_logit,HKJC:2026-10-07:HV:R7,7,7,3,JUBILANT WINNER,0.0684687547029679,0.21989303519755926,23,230.0,5.7478135816826175,indicative_snapshot_not_final,2026-10-06T13:23:32.955824+00:00,https://info.cld.hkjc.com/graphql/base/
benter_conditional_logit,HKJC:2026-10-07:HV:R7,7,8,7,SAVVY BRILLIANT,0.0641448370290493,0.20791915463188743,20,200.0,2.828967405809861,indicative_snapshot_not_final,2026-10-06T13:23:32.955824+00:00,https://info.cld.hkjc.com/graphql/base/
benter_conditional_logit,HKJC:2026-10-07:HV:R7,7,9,8,MATTERS MOST,0.046354374649573,0.1566546090649589,14,140.0,-3.5103875490597796,indicative_snapshot_not_final,2026-10-06T13:23:32.955824+00:00,https://info.cld.hkjc.com/graphql/base/
benter_conditional_logit,HKJC:2026-10-07:HV:R7,7,10,6,POWER KOEPP,0.0389995155597313,0.13444608810844305,13,130.0,-4.930062977234931,indicative_snapshot_not_final,2026-10-06T13:23:32.955824+00:00,https://info.cld.hkjc.com/graphql/base/
benter_conditional_logit,HKJC:2026-10-07:HV:R7,7,11,1,AURORA LADY,0.0308557104520595,0.10907372364400052,21,210.0,-3.520300805067505,indicative_snapshot_not_final,2026-10-06T13:23:32.955824+00:00,https://info.cld.hkjc.com/graphql/base/
benter_conditional_logit,HKJC:2026-10-07:HV:R7,7,12,4,LUCKY PLANET,0.02275338262381,0.0829007638899583,19,190.0,-5.6768573014761,indicative_snapshot_not_final,2026-10-06T13:23:32.955824+00:00,https://info.cld.hkjc.com/graphql/base/
benter_conditional_logit,HKJC:2026-10-07:HV:R8,8,1,2,POPE CODY,0.1712417061429926,0.45752182036494676,8.0,80.0,3.699336491439409,indicative_snapshot_not_final,2026-10-06T13:23:33.506775+00:00,https://info.cld.hkjc.com/graphql/base/
benter_conditional_logit,HKJC:2026-10-07:HV:R8,8,2,1,DAZZLING FIT,0.1701823487902923,0.4555055993532746,4.6,46.0,-2.171611955646555,indicative_snapshot_not_final,2026-10-06T13:23:33.506775+00:00,https://info.cld.hkjc.com/graphql/base/
benter_conditional_logit,HKJC:2026-10-07:HV:R8,8,3,5,RUN RUN SMART,0.121254711409305,0.35305033886480824,18,180.0,11.8258480536749,indicative_snapshot_not_final,2026-10-06T13:23:33.506775+00:00,https://info.cld.hkjc.com/graphql/base/
benter_conditional_logit,HKJC:2026-10-07:HV:R8,8,4,10,FLYING FORTUNE,0.0990482587681879,0.3001826019928114,10,100.0,-0.09517412318120932,indicative_snapshot_not_final,2026-10-06T13:23:33.506775+00:00,https://info.cld.hkjc.com/graphql/base/
benter_conditional_logit,HKJC:2026-10-07:HV:R8,8,5,9,AUDACIOUS PURSUIT,0.0972475848283969,0.295711775392014,19,190.0,8.477041117395412,indicative_snapshot_not_final,2026-10-06T13:23:33.506775+00:00,https://info.cld.hkjc.com/graphql/base/
benter_conditional_logit,HKJC:2026-10-07:HV:R8,8,6,4,DO YOU JUST,0.0724649607437611,0.23124768351046907,5.5,55.0,-6.01442715909314,indicative_snapshot_not_final,2026-10-06T13:23:33.506775+00:00,https://info.cld.hkjc.com/graphql/base/
benter_conditional_logit,HKJC:2026-10-07:HV:R8,8,7,11,URANUS STAR,0.0691301575510143,0.2221410596300177,7.2,72.0,-5.022628656326971,indicative_snapshot_not_final,2026-10-06T13:23:33.506775+00:00,https://info.cld.hkjc.com/graphql/base/
benter_conditional_logit,HKJC:2026-10-07:HV:R8,8,8,6,CALL ME TOPSEED,0.0511485955353965,0.17113904157050727,29,290.0,4.833092705264987,indicative_snapshot_not_final,2026-10-06T13:23:33.506775+00:00,https://info.cld.hkjc.com/graphql/base/
benter_conditional_logit,HKJC:2026-10-07:HV:R8,8,9,3,PRESTIGE GOOD,0.0457905576047234,0.1552848539359824,10,100.0,-5.42094423952766,indicative_snapshot_not_final,2026-10-06T13:23:33.506775+00:00,https://info.cld.hkjc.com/graphql/base/
benter_conditional_logit,HKJC:2026-10-07:HV:R8,8,10,8,RISING PHOENIX,0.0426451660497451,0.14582660716400458,16,160.0,-3.1767734320407834,indicative_snapshot_not_final,2026-10-06T13:23:33.506775+00:00,https://info.cld.hkjc.com/graphql/base/
benter_conditional_logit,HKJC:2026-10-07:HV:R8,8,11,12,REFUSETOBEENGLISH,0.0342427821064461,0.11997568302784735,7.4,74.0,-7.466034124122988,indicative_snapshot_not_final,2026-10-06T13:23:33.506775+00:00,https://info.cld.hkjc.com/graphql/base/
benter_conditional_logit,HKJC:2026-10-07:HV:R8,8,12,7,LEGEND WINNER,0.0256031704697383,0.09241293519331673,33,330.0,-1.5509537449863622,indicative_snapshot_not_final,2026-10-06T13:23:33.506775+00:00,https://info.cld.hkjc.com/graphql/base/
benter_conditional_logit,HKJC:2026-10-07:HV:R9,9,1,6,PRESTIGE ALWAYS,0.2001560448308111,0.5231955288611962,7.3,73.0,4.611391272649209,indicative_snapshot_not_final,2026-10-06T13:23:34.894742+00:00,https://info.cld.hkjc.com/graphql/base/
benter_conditional_logit,HKJC:2026-10-07:HV:R9,9,2,9,LIVE WIRE,0.1698269153161776,0.46774738102012775,13,130.0,12.077498991103088,indicative_snapshot_not_final,2026-10-06T13:23:34.894742+00:00,https://info.cld.hkjc.com/graphql/base/
benter_conditional_logit,HKJC:2026-10-07:HV:R9,9,3,7,THE HEIR,0.1603365791763987,0.4489524563899489,4.0,40.0,-3.586536832944052,indicative_snapshot_not_final,2026-10-06T13:23:34.894742+00:00,https://info.cld.hkjc.com/graphql/base/
benter_conditional_logit,HKJC:2026-10-07:HV:R9,9,4,1,AURIO,0.1310411724646927,0.3863240709945964,5.3,53.0,-3.054817859371286,indicative_snapshot_not_final,2026-10-06T13:23:34.894742+00:00,https://info.cld.hkjc.com/graphql/base/
benter_conditional_logit,HKJC:2026-10-07:HV:R9,9,5,5,THUNDER KIT,0.0985372113156285,0.3082722812505741,12,120.0,1.82446535787542,indicative_snapshot_not_final,2026-10-06T13:23:34.894742+00:00,https://info.cld.hkjc.com/graphql/base/
benter_conditional_logit,HKJC:2026-10-07:HV:R9,9,6,2,MOTOR,0.0428082539690755,0.15123624845065856,9.2,92.0,-6.0616406348450536,indicative_snapshot_not_final,2026-10-06T13:23:34.894742+00:00,https://info.cld.hkjc.com/graphql/base/
benter_conditional_logit,HKJC:2026-10-07:HV:R9,9,7,4,AMAZING KID,0.0412939604572558,0.14650137362054913,20,200.0,-1.7412079085488408,indicative_snapshot_not_final,2026-10-06T13:23:34.894742+00:00,https://info.cld.hkjc.com/graphql/base/
benter_conditional_logit,HKJC:2026-10-07:HV:R9,9,8,11,STORMING DRAGON,0.0409589262460966,0.1454499171435601,13,130.0,-4.675339588007442,indicative_snapshot_not_final,2026-10-06T13:23:34.894742+00:00,https://info.cld.hkjc.com/graphql/base/
benter_conditional_logit,HKJC:2026-10-07:HV:R9,9,9,8,HONEST WITNESS,0.0341053985962027,0.12362093044354766,20,200.0,-3.17892028075946,indicative_snapshot_not_final,2026-10-06T13:23:34.894742+00:00,https://info.cld.hkjc.com/graphql/base/
benter_conditional_logit,HKJC:2026-10-07:HV:R9,9,10,12,THUNDER ACTION,0.0335870065379374,0.12194403770804019,12,120.0,-5.969559215447513,indicative_snapshot_not_final,2026-10-06T13:23:34.894742+00:00,https://info.cld.hkjc.com/graphql/base/
benter_conditional_logit,HKJC:2026-10-07:HV:R9,9,11,3,GUSTOSISIMO,0.0326944110688281,0.11904780111926722,13,130.0,-5.749726561052347,indicative_snapshot_not_final,2026-10-06T13:23:34.894742+00:00,https://info.cld.hkjc.com/graphql/base/
benter_conditional_logit,HKJC:2026-10-07:HV:R9,9,12,10,TRIPLE FORTUNE,0.0146541200208949,0.05770797299793359,20,200.0,-7.06917599582102,indicative_snapshot_not_final,2026-10-06T13:23:34.894742+00:00,https://info.cld.hkjc.com/graphql/base/
boosted,HKJC:2026-10-07:HV:R1,1,1,1,CAN'T GO WONG,0.2960400590322282,0.689178948348368,4.0,40.0,1.8416023612891266,indicative_snapshot_not_final,2026-10-06T13:23:25.797981+00:00,https://info.cld.hkjc.com/graphql/base/
boosted,HKJC:2026-10-07:HV:R1,1,2,9,GOLDEN FORTUNE,0.1756451988784902,0.5023192225104932,8.2,82.0,4.402906308036197,indicative_snapshot_not_final,2026-10-06T13:23:25.797981+00:00,https://info.cld.hkjc.com/graphql/base/
boosted,HKJC:2026-10-07:HV:R1,1,3,5,OCEAN IMPACT,0.1027487915116482,0.3302740147642177,8.2,82.0,-1.5745990960448477,indicative_snapshot_not_final,2026-10-06T13:23:25.797981+00:00,https://info.cld.hkjc.com/graphql/base/
boosted,HKJC:2026-10-07:HV:R1,1,4,4,KINGLY DEMEANOR,0.076340542025557,0.25545042956385594,4.9,49.0,-6.259313440747707,indicative_snapshot_not_final,2026-10-06T13:23:25.797981+00:00,https://info.cld.hkjc.com/graphql/base/
boosted,HKJC:2026-10-07:HV:R1,1,5,6,YOUNG FIGHTER,0.066860734038957,0.2269915696553714,13,130.0,-1.3081045749355908,indicative_snapshot_not_final,2026-10-06T13:23:25.797981+00:00,https://info.cld.hkjc.com/graphql/base/
boosted,HKJC:2026-10-07:HV:R1,1,6,10,SPLENDID FORCE,0.0539076160135379,0.18673912567007606,14,140.0,-2.4529337581046944,indicative_snapshot_not_final,2026-10-06T13:23:25.797981+00:00,https://info.cld.hkjc.com/graphql/base/
boosted,HKJC:2026-10-07:HV:R1,1,7,8,GOOD LUCK WIN,0.0488440845954274,0.17057196282623188,12,120.0,-4.138709848548713,indicative_snapshot_not_final,2026-10-06T13:23:25.797981+00:00,https://info.cld.hkjc.com/graphql/base/
boosted,HKJC:2026-10-07:HV:R1,1,8,11,PERFECT PAIRING,0.046551809432157,0.16317241142734415,13,130.0,-3.9482647738195906,indicative_snapshot_not_final,2026-10-06T13:23:25.797981+00:00,https://info.cld.hkjc.com/graphql/base/
boosted,HKJC:2026-10-07:HV:R1,1,9,12,TURF PHOENIX,0.0411457550246742,0.14552046628358914,23,230.0,-0.5364763443249334,indicative_snapshot_not_final,2026-10-06T13:23:25.797981+00:00,https://info.cld.hkjc.com/graphql/base/
boosted,HKJC:2026-10-07:HV:R1,1,10,2,SHARPEN BRIGHT,0.0406637310965645,0.1439327353560784,16,160.0,-3.4938030245496794,indicative_snapshot_not_final,2026-10-06T13:23:25.797981+00:00,https://info.cld.hkjc.com/graphql/base/
boosted,HKJC:2026-10-07:HV:R1,1,11,3,GRAND TURBO,0.0330631453358018,0.11859289123945799,10,100.0,-6.69368546641982,indicative_snapshot_not_final,2026-10-06T13:23:25.797981+00:00,https://info.cld.hkjc.com/graphql/base/
boosted,HKJC:2026-10-07:HV:R1,1,12,7,SMILING ONE,0.018188533014956,0.06725622235491735,37,370.0,-3.270242784466279,indicative_snapshot_not_final,2026-10-06T13:23:25.797981+00:00,https://info.cld.hkjc.com/graphql/base/
boosted,HKJC:2026-10-07:HV:R2,2,1,10,LOVING VIBES,0.3165893043524225,0.7176616117529402,2.6,26.0,-1.7686780868370153,indicative_snapshot_not_final,2026-10-06T13:23:27.262967+00:00,https://info.cld.hkjc.com/graphql/base/
boosted,HKJC:2026-10-07:HV:R2,2,2,4,WINNING MONEY,0.1373826553871998,0.4234607636362391,9.9,99.0,3.6008828833327797,indicative_snapshot_not_final,2026-10-06T13:23:27.262967+00:00,https://info.cld.hkjc.com/graphql/base/
boosted,HKJC:2026-10-07:HV:R2,2,3,6,HAYDAY,0.1052128682254415,0.34127280777535607,7.4,74.0,-2.2142477513173286,indicative_snapshot_not_final,2026-10-06T13:23:27.262967+00:00,https://info.cld.hkjc.com/graphql/base/
boosted,HKJC:2026-10-07:HV:R2,2,4,2,LUCKY MCQUEEN,0.0987680943866162,0.3235843830424638,7.9,79.0,-2.1973205434573204,indicative_snapshot_not_final,2026-10-06T13:23:27.262967+00:00,https://info.cld.hkjc.com/graphql/base/
boosted,HKJC:2026-10-07:HV:R2,2,5,7,NEW POWER,0.094913001353624,0.31281025320300265,14,140.0,3.287820189507361,indicative_snapshot_not_final,2026-10-06T13:23:27.262967+00:00,https://info.cld.hkjc.com/graphql/base/
boosted,HKJC:2026-10-07:HV:R2,2,6,5,WORLD HERO,0.0711579367208139,0.24324599129334853,9.8,98.0,-3.0265222013602378,indicative_snapshot_not_final,2026-10-06T13:23:27.262967+00:00,https://info.cld.hkjc.com/graphql/base/
boosted,HKJC:2026-10-07:HV:R2,2,7,8,I AM BACK,0.0535161236371898,0.18806227505190043,25,250.0,3.37903090929745,indicative_snapshot_not_final,2026-10-06T13:23:27.262967+00:00,https://info.cld.hkjc.com/graphql/base/
boosted,HKJC:2026-10-07:HV:R2,2,8,12,TACTICAL COMMAND,0.0398977480322003,0.14339118719583255,24,240.0,-0.4245404722719268,indicative_snapshot_not_final,2026-10-06T13:23:27.262967+00:00,https://info.cld.hkjc.com/graphql/base/
boosted,HKJC:2026-10-07:HV:R2,2,9,9,LIGHTNESS OF BEING,0.0311153584022877,0.11359588676840002,16,160.0,-5.021542655633969,indicative_snapshot_not_final,2026-10-06T13:23:27.262967+00:00,https://info.cld.hkjc.com/graphql/base/
boosted,HKJC:2026-10-07:HV:R2,2,10,1,GLORIOUS DYNASTY,0.0228183026719832,0.08469650086756943,13,130.0,-7.033620652642184,indicative_snapshot_not_final,2026-10-06T13:23:27.262967+00:00,https://info.cld.hkjc.com/graphql/base/
boosted,HKJC:2026-10-07:HV:R2,2,11,11,SMILING CHAMPION,0.0187068950400705,0.07008645526504892,36,360.0,-3.2655177855746196,indicative_snapshot_not_final,2026-10-06T13:23:27.262967+00:00,https://info.cld.hkjc.com/graphql/base/
boosted,HKJC:2026-10-07:HV:R2,2,12,3,VIGOR HAPPINESS,0.00992171179015,0.03813188414789819,19,190.0,-8.1148747598715,indicative_snapshot_not_final,2026-10-06T13:23:27.262967+00:00,https://info.cld.hkjc.com/graphql/base/
boosted,HKJC:2026-10-07:HV:R3,3,1,6,DECISION LINK,0.2201864082897367,0.5600668950942281,7.0,70.0,5.41304858028157,indicative_snapshot_not_final,2026-10-06T13:23:27.872509+00:00,https://info.cld.hkjc.com/graphql/base/
boosted,HKJC:2026-10-07:HV:R3,3,2,4,SUNDAY'S SERENADE,0.1348085019424149,0.392174071157611,6.0,60.0,-1.911489883455106,indicative_snapshot_not_final,2026-10-06T13:23:27.872509+00:00,https://info.cld.hkjc.com/graphql/base/
boosted,HKJC:2026-10-07:HV:R3,3,3,3,CLASS,0.1062298873749772,0.32252195668317335,10,100.0,0.6229887374977192,indicative_snapshot_not_final,2026-10-06T13:23:27.872509+00:00,https://info.cld.hkjc.com/graphql/base/
boosted,HKJC:2026-10-07:HV:R3,3,4,8,LUCK IS BACK,0.0972866554071187,0.29928731193073416,11,110.0,0.7015320947830563,indicative_snapshot_not_final,2026-10-06T13:23:27.872509+00:00,https://info.cld.hkjc.com/graphql/base/
boosted,HKJC:2026-10-07:HV:R3,3,5,10,FORTUNE STAR,0.0954560753871235,0.2944469154672018,2.5,25.0,-7.6135981153219126,indicative_snapshot_not_final,2026-10-06T13:23:27.872509+00:00,https://info.cld.hkjc.com/graphql/base/
boosted,HKJC:2026-10-07:HV:R3,3,6,2,RAGGA BOMB,0.07495473138624,0.23827606943340332,26,260.0,9.4882301604224,indicative_snapshot_not_final,2026-10-06T13:23:27.872509+00:00,https://info.cld.hkjc.com/graphql/base/
boosted,HKJC:2026-10-07:HV:R3,3,7,7,DASHING MAURISON,0.0613037711767396,0.1988739983366557,35,350.0,11.45631991185886,indicative_snapshot_not_final,2026-10-06T13:23:27.872509+00:00,https://info.cld.hkjc.com/graphql/base/
boosted,HKJC:2026-10-07:HV:R3,3,8,5,BULLISH NOVA,0.0579806622749572,0.18903891547918378,6.8,68.0,-6.05731496530291,indicative_snapshot_not_final,2026-10-06T13:23:27.872509+00:00,https://info.cld.hkjc.com/graphql/base/
boosted,HKJC:2026-10-07:HV:R3,3,9,12,GLORIOUS ST PAUL'S,0.055990591588929,0.183103236419959,61,610.0,24.15426086924669,indicative_snapshot_not_final,2026-10-06T13:23:27.872509+00:00,https://info.cld.hkjc.com/graphql/base/
boosted,HKJC:2026-10-07:HV:R3,3,10,1,EXCEED THE LIMIT,0.0510331540221912,0.16816687351744863,18,180.0,-0.8140322760055838,indicative_snapshot_not_final,2026-10-06T13:23:27.872509+00:00,https://info.cld.hkjc.com/graphql/base/
boosted,HKJC:2026-10-07:HV:R3,3,11,9,COLOURFUL GAN,0.0320089906978034,0.10882034893425269,45,450.0,4.40404581401153,indicative_snapshot_not_final,2026-10-06T13:23:27.872509+00:00,https://info.cld.hkjc.com/graphql/base/
boosted,HKJC:2026-10-07:HV:R3,3,12,11,LUCKY XANDER,0.0127605704517682,0.04522340754614786,63,630.0,-1.9608406153860347,indicative_snapshot_not_final,2026-10-06T13:23:27.872509+00:00,https://info.cld.hkjc.com/graphql/base/
boosted,HKJC:2026-10-07:HV:R4,4,1,8,ABSOLUTE HONOUR,0.1775302436818469,0.4949308935818704,10,100.0,7.75302436818469,indicative_snapshot_not_final,2026-10-06T13:23:29.792552+00:00,https://info.cld.hkjc.com/graphql/base/
boosted,HKJC:2026-10-07:HV:R4,4,2,2,SKY DEEP,0.1745953121289811,0.48904837550335684,4.3,43.0,-2.492401578453812,indicative_snapshot_not_final,2026-10-06T13:23:29.792552+00:00,https://info.cld.hkjc.com/graphql/base/
boosted,HKJC:2026-10-07:HV:R4,4,3,10,PRECISION HOPE,0.1731096867946228,0.4860428931999169,5.2,52.0,-0.998296286679615,indicative_snapshot_not_final,2026-10-06T13:23:29.792552+00:00,https://info.cld.hkjc.com/graphql/base/
boosted,HKJC:2026-10-07:HV:R4,4,4,12,PRESTIGE RICKY,0.1520023688595445,0.44128695168662707,8.3,83.0,2.616196615342192,indicative_snapshot_not_final,2026-10-06T13:23:29.792552+00:00,https://info.cld.hkjc.com/graphql/base/
boosted,HKJC:2026-10-07:HV:R4,4,5,4,TAKE ACTION,0.0722362593764688,0.23655602353603228,11,110.0,-2.054011468588432,indicative_snapshot_not_final,2026-10-06T13:23:29.792552+00:00,https://info.cld.hkjc.com/graphql/base/
boosted,HKJC:2026-10-07:HV:R4,4,6,11,PODIUM,0.0718943155165519,0.2355566160109623,24,240.0,7.254635723972456,indicative_snapshot_not_final,2026-10-06T13:23:29.792552+00:00,https://info.cld.hkjc.com/graphql/base/
boosted,HKJC:2026-10-07:HV:R4,4,7,9,AMAZING AWARD,0.0523404177077259,0.17666930279724224,24,240.0,2.5617002498542156,indicative_snapshot_not_final,2026-10-06T13:23:29.792552+00:00,https://info.cld.hkjc.com/graphql/base/
boosted,HKJC:2026-10-07:HV:R4,4,8,3,STURDY RUBY,0.0433852538151876,0.1485483248390563,12,120.0,-4.793769542177488,indicative_snapshot_not_final,2026-10-06T13:23:29.792552+00:00,https://info.cld.hkjc.com/graphql/base/
boosted,HKJC:2026-10-07:HV:R4,4,9,5,JUMBO STEPS,0.0357956797165033,0.12413390730952434,15,150.0,-4.630648042524506,indicative_snapshot_not_final,2026-10-06T13:23:29.792552+00:00,https://info.cld.hkjc.com/graphql/base/
boosted,HKJC:2026-10-07:HV:R4,4,10,1,VIVA GRACIOUSNESS,0.033815682495838,0.11767468282550793,5.7,57.0,-8.072506097737234,indicative_snapshot_not_final,2026-10-06T13:23:29.792552+00:00,https://info.cld.hkjc.com/graphql/base/
boosted,HKJC:2026-10-07:HV:R4,4,11,6,BLAZING METEOR,0.0067974418649111,0.025316812375027066,15,150.0,-8.980383720263335,indicative_snapshot_not_final,2026-10-06T13:23:29.792552+00:00,https://info.cld.hkjc.com/graphql/base/
boosted,HKJC:2026-10-07:HV:R4,4,12,7,MISSION GIANT,0.0064973380418176,0.02423521633487495,44,440.0,-7.141171261600256,indicative_snapshot_not_final,2026-10-06T13:23:29.792552+00:00,https://info.cld.hkjc.com/graphql/base/
boosted,HKJC:2026-10-07:HV:R5,5,1,4,SUPERB KING,0.2309850191343839,0.5854801409677219,3.1,31.0,-2.8394644068340993,indicative_snapshot_not_final,2026-10-06T13:23:30.462226+00:00,https://info.cld.hkjc.com/graphql/base/
boosted,HKJC:2026-10-07:HV:R5,5,2,8,GEORGIAN SIGMA,0.1578856197664085,0.45045978241029644,3.8,38.0,-4.000346448876477,indicative_snapshot_not_final,2026-10-06T13:23:30.462226+00:00,https://info.cld.hkjc.com/graphql/base/
boosted,HKJC:2026-10-07:HV:R5,5,3,12,MAPOGO,0.1270673089489868,0.38023243180476746,27,270.0,24.30817341622644,indicative_snapshot_not_final,2026-10-06T13:23:30.462226+00:00,https://info.cld.hkjc.com/graphql/base/
boosted,HKJC:2026-10-07:HV:R5,5,4,9,GOLDEN ACE,0.0908980934038692,0.28713221512654274,7.0,70.0,-3.6371334617291557,indicative_snapshot_not_final,2026-10-06T13:23:30.462226+00:00,https://info.cld.hkjc.com/graphql/base/
boosted,HKJC:2026-10-07:HV:R5,5,5,1,GRAND NOVA,0.0874289443192591,0.2775963235659061,10,100.0,-1.2571055680740901,indicative_snapshot_not_final,2026-10-06T13:23:30.462226+00:00,https://info.cld.hkjc.com/graphql/base/
boosted,HKJC:2026-10-07:HV:R5,5,6,6,BEAUTY SHOW,0.0811946584159785,0.2601935171101319,11,110.0,-1.0685875742423647,indicative_snapshot_not_final,2026-10-06T13:23:30.462226+00:00,https://info.cld.hkjc.com/graphql/base/
boosted,HKJC:2026-10-07:HV:R5,5,7,5,VIGOR EYE,0.0635146912990629,0.2089788580968974,20,200.0,2.70293825981258,indicative_snapshot_not_final,2026-10-06T13:23:30.462226+00:00,https://info.cld.hkjc.com/graphql/base/
boosted,HKJC:2026-10-07:HV:R5,5,8,7,BRILLIANT TURN,0.0598392802149241,0.19798546565199224,18,180.0,0.7710704386863387,indicative_snapshot_not_final,2026-10-06T13:23:30.462226+00:00,https://info.cld.hkjc.com/graphql/base/
boosted,HKJC:2026-10-07:HV:R5,5,9,10,IRON SECURITY,0.0433988039800245,0.14733301423676215,22,220.0,-0.45226312439461047,indicative_snapshot_not_final,2026-10-06T13:23:30.462226+00:00,https://info.cld.hkjc.com/graphql/base/
boosted,HKJC:2026-10-07:HV:R5,5,10,2,MASTER CHAMPION,0.0268690899960865,0.09389224127911254,25,250.0,-3.2827275009783747,indicative_snapshot_not_final,2026-10-06T13:23:30.462226+00:00,https://info.cld.hkjc.com/graphql/base/
boosted,HKJC:2026-10-07:HV:R5,5,11,3,COPPER CORE,0.0178936028761184,0.06373060692381943,29,290.0,-4.8108551659256635,indicative_snapshot_not_final,2026-10-06T13:23:30.462226+00:00,https://info.cld.hkjc.com/graphql/base/
boosted,HKJC:2026-10-07:HV:R5,5,12,11,JACKSON HABIT,0.013024887644897,0.04698540282604985,24,240.0,-6.87402696522472,indicative_snapshot_not_final,2026-10-06T13:23:30.462226+00:00,https://info.cld.hkjc.com/graphql/base/
boosted,HKJC:2026-10-07:HV:R6,6,1,9,NO OTHER CHOICE,0.2191975116499666,0.5639608460542012,3.2,32.0,-2.985679627201069,indicative_snapshot_not_final,2026-10-06T13:23:31.462201+00:00,https://info.cld.hkjc.com/graphql/base/
boosted,HKJC:2026-10-07:HV:R6,6,2,10,KWAI CHUNG TALENTS,0.1722528632165108,0.478072592603701,5.3,53.0,-0.870598249524928,indicative_snapshot_not_final,2026-10-06T13:23:31.462201+00:00,https://info.cld.hkjc.com/graphql/base/
boosted,HKJC:2026-10-07:HV:R6,6,3,5,CALIFORNIA BAY,0.1340368966644242,0.3948275956997973,7.5,75.0,0.05276724983181502,indicative_snapshot_not_final,2026-10-06T13:23:31.462201+00:00,https://info.cld.hkjc.com/graphql/base/
boosted,HKJC:2026-10-07:HV:R6,6,4,7,POET'S REIGN,0.0871875386923229,0.27544731212304985,11,110.0,-0.40937074384448024,indicative_snapshot_not_final,2026-10-06T13:23:31.462201+00:00,https://info.cld.hkjc.com/graphql/base/
boosted,HKJC:2026-10-07:HV:R6,6,5,8,HAPPY UNITED,0.0726432559166985,0.23448767120127423,21,210.0,5.2550837425066845,indicative_snapshot_not_final,2026-10-06T13:23:31.462201+00:00,https://info.cld.hkjc.com/graphql/base/
boosted,HKJC:2026-10-07:HV:R6,6,6,6,KING OBERON,0.0554324775061219,0.18362873718315775,12,120.0,-3.3481026992653717,indicative_snapshot_not_final,2026-10-06T13:23:31.462201+00:00,https://info.cld.hkjc.com/graphql/base/
boosted,HKJC:2026-10-07:HV:R6,6,7,4,UNSTOPPAPLE,0.0533623058676138,0.1773354741441762,7.3,73.0,-6.1045516716641925,indicative_snapshot_not_final,2026-10-06T13:23:31.462201+00:00,https://info.cld.hkjc.com/graphql/base/
boosted,HKJC:2026-10-07:HV:R6,6,8,2,GRIT SPIRIT,0.0530064679423196,0.17624990599644244,11,110.0,-4.169288526344844,indicative_snapshot_not_final,2026-10-06T13:23:31.462201+00:00,https://info.cld.hkjc.com/graphql/base/
boosted,HKJC:2026-10-07:HV:R6,6,9,3,STARRY SHOW,0.0524243786699166,0.17447167753871576,21,210.0,1.0091195206824857,indicative_snapshot_not_final,2026-10-06T13:23:31.462201+00:00,https://info.cld.hkjc.com/graphql/base/
boosted,HKJC:2026-10-07:HV:R6,6,10,1,HEALTHY HEALTHY,0.0477047841716832,0.15994213803383825,24,240.0,1.4491482012039683,indicative_snapshot_not_final,2026-10-06T13:23:31.462201+00:00,https://info.cld.hkjc.com/graphql/base/
boosted,HKJC:2026-10-07:HV:R6,6,11,12,MAJESTIC DELIGHT,0.0399366410248271,0.13559022990264719,37,370.0,4.776557179186026,indicative_snapshot_not_final,2026-10-06T13:23:31.462201+00:00,https://info.cld.hkjc.com/graphql/base/
boosted,HKJC:2026-10-07:HV:R6,6,12,11,VIEW OF COSMOS,0.0128148786775943,0.04598581951899911,32,320.0,-5.899238823169824,indicative_snapshot_not_final,2026-10-06T13:23:31.462201+00:00,https://info.cld.hkjc.com/graphql/base/
boosted,HKJC:2026-10-07:HV:R7,7,1,5,TARGET AUDIENCE,0.2095694290090446,0.5492287726450055,4.0,40.0,-1.6172228396382167,indicative_snapshot_not_final,2026-10-06T13:23:32.955824+00:00,https://info.cld.hkjc.com/graphql/base/
boosted,HKJC:2026-10-07:HV:R7,7,2,9,BRIGHT DAY,0.1585515312363916,0.45093333134310293,10,100.0,5.855153123639159,indicative_snapshot_not_final,2026-10-06T13:23:32.955824+00:00,https://info.cld.hkjc.com/graphql/base/
boosted,HKJC:2026-10-07:HV:R7,7,3,2,FLYING WROTE,0.1575681968091313,0.4488275800931748,5.7,57.0,-1.018612781879515,indicative_snapshot_not_final,2026-10-06T13:23:32.955824+00:00,https://info.cld.hkjc.com/graphql/base/
boosted,HKJC:2026-10-07:HV:R7,7,4,11,DARYL FLASH,0.1153975759640697,0.350617654839176,4.7,47.0,-4.576313929688724,indicative_snapshot_not_final,2026-10-06T13:23:32.955824+00:00,https://info.cld.hkjc.com/graphql/base/
boosted,HKJC:2026-10-07:HV:R7,7,5,12,YOUNG ARROW,0.0747888936491156,0.2413329203973232,17,170.0,2.7141119203496533,indicative_snapshot_not_final,2026-10-06T13:23:32.955824+00:00,https://info.cld.hkjc.com/graphql/base/
boosted,HKJC:2026-10-07:HV:R7,7,6,10,QUANTUM CLOUD,0.0713783572559225,0.23149765378077497,11,110.0,-2.1483807018485255,indicative_snapshot_not_final,2026-10-06T13:23:32.955824+00:00,https://info.cld.hkjc.com/graphql/base/
boosted,HKJC:2026-10-07:HV:R7,7,7,7,SAVVY BRILLIANT,0.0456786348389289,0.1540881142780943,20,200.0,-0.8642730322142196,indicative_snapshot_not_final,2026-10-06T13:23:32.955824+00:00,https://info.cld.hkjc.com/graphql/base/
boosted,HKJC:2026-10-07:HV:R7,7,8,3,JUBILANT WINNER,0.0449279059732452,0.1517382958355357,23,230.0,0.3334183738463956,indicative_snapshot_not_final,2026-10-06T13:23:32.955824+00:00,https://info.cld.hkjc.com/graphql/base/
boosted,HKJC:2026-10-07:HV:R7,7,9,8,MATTERS MOST,0.0424074918787372,0.1438117652201139,14,140.0,-4.062951136976792,indicative_snapshot_not_final,2026-10-06T13:23:32.955824+00:00,https://info.cld.hkjc.com/graphql/base/
boosted,HKJC:2026-10-07:HV:R7,7,10,6,POWER KOEPP,0.0289189908053832,0.10038636048989322,13,130.0,-6.240531195300184,indicative_snapshot_not_final,2026-10-06T13:23:32.955824+00:00,https://info.cld.hkjc.com/graphql/base/
boosted,HKJC:2026-10-07:HV:R7,7,11,4,LUCKY PLANET,0.0274189865462001,0.0954491098162945,19,190.0,-4.790392556221981,indicative_snapshot_not_final,2026-10-06T13:23:32.955824+00:00,https://info.cld.hkjc.com/graphql/base/
boosted,HKJC:2026-10-07:HV:R7,7,12,1,AURORA LADY,0.0233940060338295,0.082088441261511,21,210.0,-5.087258732895805,indicative_snapshot_not_final,2026-10-06T13:23:32.955824+00:00,https://info.cld.hkjc.com/graphql/base/
boosted,HKJC:2026-10-07:HV:R8,8,1,1,DAZZLING FIT,0.2136121539122678,0.5483840648084436,4.6,46.0,-0.17384092003568163,indicative_snapshot_not_final,2026-10-06T13:23:33.506775+00:00,https://info.cld.hkjc.com/graphql/base/
boosted,HKJC:2026-10-07:HV:R8,8,2,2,POPE CODY,0.1595155168969839,0.4461356947267625,8.0,80.0,2.761241351758713,indicative_snapshot_not_final,2026-10-06T13:23:33.506775+00:00,https://info.cld.hkjc.com/graphql/base/
boosted,HKJC:2026-10-07:HV:R8,8,3,9,AUDACIOUS PURSUIT,0.1010753626640596,0.3087270899357741,19,190.0,9.204318906171324,indicative_snapshot_not_final,2026-10-06T13:23:33.506775+00:00,https://info.cld.hkjc.com/graphql/base/
boosted,HKJC:2026-10-07:HV:R8,8,4,10,FLYING FORTUNE,0.0977184065727595,0.2999495260391322,10,100.0,-0.2281593427240498,indicative_snapshot_not_final,2026-10-06T13:23:33.506775+00:00,https://info.cld.hkjc.com/graphql/base/
boosted,HKJC:2026-10-07:HV:R8,8,5,5,RUN RUN SMART,0.0773271761153513,0.2445631199130888,18,180.0,3.9188917007632327,indicative_snapshot_not_final,2026-10-06T13:23:33.506775+00:00,https://info.cld.hkjc.com/graphql/base/
boosted,HKJC:2026-10-07:HV:R8,8,6,4,DO YOU JUST,0.0658079079970745,0.2117031113378497,5.5,55.0,-6.380565060160903,indicative_snapshot_not_final,2026-10-06T13:23:33.506775+00:00,https://info.cld.hkjc.com/graphql/base/
boosted,HKJC:2026-10-07:HV:R8,8,7,11,URANUS STAR,0.0612760216427461,0.19846326717984644,7.2,72.0,-5.588126441722281,indicative_snapshot_not_final,2026-10-06T13:23:33.506775+00:00,https://info.cld.hkjc.com/graphql/base/
boosted,HKJC:2026-10-07:HV:R8,8,8,3,PRESTIGE GOOD,0.0579096209123906,0.18851376315607807,10,100.0,-4.20903790876094,indicative_snapshot_not_final,2026-10-06T13:23:33.506775+00:00,https://info.cld.hkjc.com/graphql/base/
boosted,HKJC:2026-10-07:HV:R8,8,9,6,CALL ME TOPSEED,0.0447622338827657,0.14871180808482107,29,290.0,2.9810478260020528,indicative_snapshot_not_final,2026-10-06T13:23:33.506775+00:00,https://info.cld.hkjc.com/graphql/base/
boosted,HKJC:2026-10-07:HV:R8,8,10,8,RISING PHOENIX,0.0415277871305801,0.13868646157686018,16,160.0,-3.3555540591071846,indicative_snapshot_not_final,2026-10-06T13:23:33.506775+00:00,https://info.cld.hkjc.com/graphql/base/
boosted,HKJC:2026-10-07:HV:R8,8,11,12,REFUSETOBEENGLISH,0.0407602460006776,0.13629367766850964,7.4,74.0,-6.983741795949857,indicative_snapshot_not_final,2026-10-06T13:23:33.506775+00:00,https://info.cld.hkjc.com/graphql/base/
boosted,HKJC:2026-10-07:HV:R8,8,12,7,LEGEND WINNER,0.0387075662723428,0.12986841557283318,33,330.0,2.7734968698731244,indicative_snapshot_not_final,2026-10-06T13:23:33.506775+00:00,https://info.cld.hkjc.com/graphql/base/
boosted,HKJC:2026-10-07:HV:R9,9,1,9,LIVE WIRE,0.2264018473457255,0.5905827728065643,13,130.0,19.432240154944314,indicative_snapshot_not_final,2026-10-06T13:23:34.894742+00:00,https://info.cld.hkjc.com/graphql/base/
boosted,HKJC:2026-10-07:HV:R9,9,2,6,PRESTIGE ALWAYS,0.1864126256729313,0.5199400312687503,7.3,73.0,3.608121674123984,indicative_snapshot_not_final,2026-10-06T13:23:34.894742+00:00,https://info.cld.hkjc.com/graphql/base/
boosted,HKJC:2026-10-07:HV:R9,9,3,7,THE HEIR,0.170919663250341,0.48899432774075324,4.0,40.0,-3.16321346998636,indicative_snapshot_not_final,2026-10-06T13:23:34.894742+00:00,https://info.cld.hkjc.com/graphql/base/
boosted,HKJC:2026-10-07:HV:R9,9,4,1,AURIO,0.1221547872192335,0.37743025779501904,5.3,53.0,-3.525796277380625,indicative_snapshot_not_final,2026-10-06T13:23:34.894742+00:00,https://info.cld.hkjc.com/graphql/base/
boosted,HKJC:2026-10-07:HV:R9,9,5,5,THUNDER KIT,0.0750600070829459,0.24897667391570552,12,120.0,-0.9927991500464923,indicative_snapshot_not_final,2026-10-06T13:23:34.894742+00:00,https://info.cld.hkjc.com/graphql/base/
boosted,HKJC:2026-10-07:HV:R9,9,6,8,HONEST WITNESS,0.0464572131450255,0.16105715485161037,20,200.0,-0.7085573709948996,indicative_snapshot_not_final,2026-10-06T13:23:34.894742+00:00,https://info.cld.hkjc.com/graphql/base/
boosted,HKJC:2026-10-07:HV:R9,9,7,4,AMAZING KID,0.0429635784881603,0.14979827670268095,20,200.0,-1.4072843023679393,indicative_snapshot_not_final,2026-10-06T13:23:34.894742+00:00,https://info.cld.hkjc.com/graphql/base/
boosted,HKJC:2026-10-07:HV:R9,9,8,2,MOTOR,0.0408300963011242,0.14286573118684123,9.2,92.0,-6.243631140296573,indicative_snapshot_not_final,2026-10-06T13:23:34.894742+00:00,https://info.cld.hkjc.com/graphql/base/
boosted,HKJC:2026-10-07:HV:R9,9,9,11,STORMING DRAGON,0.0291121600209893,0.1039993062181351,13,130.0,-6.215419197271391,indicative_snapshot_not_final,2026-10-06T13:23:34.894742+00:00,https://info.cld.hkjc.com/graphql/base/
boosted,HKJC:2026-10-07:HV:R9,9,10,3,GUSTOSISIMO,0.0284171969047622,0.1016510333812698,13,130.0,-6.305764402380914,indicative_snapshot_not_final,2026-10-06T13:23:34.894742+00:00,https://info.cld.hkjc.com/graphql/base/
boosted,HKJC:2026-10-07:HV:R9,9,11,12,THUNDER ACTION,0.0207854364792181,0.07552608200865592,12,120.0,-7.505747622493828,indicative_snapshot_not_final,2026-10-06T13:23:34.894742+00:00,https://info.cld.hkjc.com/graphql/base/
boosted,HKJC:2026-10-07:HV:R9,9,12,10,TRIPLE FORTUNE,0.0104853880895427,0.03917835212401444,20,200.0,-7.90292238209146,indicative_snapshot_not_final,2026-10-06T13:23:34.894742+00:00,https://info.cld.hkjc.com/graphql/base/
gaussian_probit,HKJC:2026-10-07:HV:R1,1,1,1,CAN'T GO WONG,0.2026837223168634,0.5275514022290733,4.0,40.0,-1.892651107325463,indicative_snapshot_not_final,2026-10-06T13:23:25.797981+00:00,https://info.cld.hkjc.com/graphql/base/
gaussian_probit,HKJC:2026-10-07:HV:R1,1,2,9,GOLDEN FORTUNE,0.1804802778519832,0.4867053611006789,8.2,82.0,4.799382783862622,indicative_snapshot_not_final,2026-10-06T13:23:25.797981+00:00,https://info.cld.hkjc.com/graphql/base/
gaussian_probit,HKJC:2026-10-07:HV:R1,1,3,5,OCEAN IMPACT,0.1000788002564692,0.30585614849629533,8.2,82.0,-1.7935383789695258,indicative_snapshot_not_final,2026-10-06T13:23:25.797981+00:00,https://info.cld.hkjc.com/graphql/base/
gaussian_probit,HKJC:2026-10-07:HV:R1,1,4,6,YOUNG FIGHTER,0.0869483633945869,0.2711963809561605,13,130.0,1.3032872412962977,indicative_snapshot_not_final,2026-10-06T13:23:25.797981+00:00,https://info.cld.hkjc.com/graphql/base/
gaussian_probit,HKJC:2026-10-07:HV:R1,1,5,4,KINGLY DEMEANOR,0.074730182862052,0.23762473449009003,4.9,49.0,-6.338221039759452,indicative_snapshot_not_final,2026-10-06T13:23:25.797981+00:00,https://info.cld.hkjc.com/graphql/base/
gaussian_probit,HKJC:2026-10-07:HV:R1,1,6,12,TURF PHOENIX,0.0677922950759864,0.21798970315041044,23,230.0,5.592227867476872,indicative_snapshot_not_final,2026-10-06T13:23:25.797981+00:00,https://info.cld.hkjc.com/graphql/base/
gaussian_probit,HKJC:2026-10-07:HV:R1,1,7,3,GRAND TURBO,0.0610906863580762,0.19862530288509253,10,100.0,-3.8909313641923804,indicative_snapshot_not_final,2026-10-06T13:23:25.797981+00:00,https://info.cld.hkjc.com/graphql/base/
gaussian_probit,HKJC:2026-10-07:HV:R1,1,8,10,SPLENDID FORCE,0.0525745614202995,0.1734448093607827,14,140.0,-2.63956140115807,indicative_snapshot_not_final,2026-10-06T13:23:25.797981+00:00,https://info.cld.hkjc.com/graphql/base/
gaussian_probit,HKJC:2026-10-07:HV:R1,1,9,2,SHARPEN BRIGHT,0.0506189278078606,0.1675704090190813,16,160.0,-1.9009715507423035,indicative_snapshot_not_final,2026-10-06T13:23:25.797981+00:00,https://info.cld.hkjc.com/graphql/base/
gaussian_probit,HKJC:2026-10-07:HV:R1,1,10,11,PERFECT PAIRING,0.0492756497522419,0.16351525112645562,13,130.0,-3.594165532208553,indicative_snapshot_not_final,2026-10-06T13:23:25.797981+00:00,https://info.cld.hkjc.com/graphql/base/
gaussian_probit,HKJC:2026-10-07:HV:R1,1,11,8,GOOD LUCK WIN,0.0444838968597726,0.1489143038697977,12,120.0,-4.661932376827288,indicative_snapshot_not_final,2026-10-06T13:23:25.797981+00:00,https://info.cld.hkjc.com/graphql/base/
gaussian_probit,HKJC:2026-10-07:HV:R1,1,12,7,SMILING ONE,0.0292426360438076,0.10100619331608196,37,370.0,0.8197753362088118,indicative_snapshot_not_final,2026-10-06T13:23:25.797981+00:00,https://info.cld.hkjc.com/graphql/base/
gaussian_probit,HKJC:2026-10-07:HV:R2,2,1,10,LOVING VIBES,0.2197999365806521,0.56458247578147,2.6,26.0,-4.285201648903045,indicative_snapshot_not_final,2026-10-06T13:23:27.262967+00:00,https://info.cld.hkjc.com/graphql/base/
gaussian_probit,HKJC:2026-10-07:HV:R2,2,2,4,WINNING MONEY,0.1561955869031595,0.44468688579738125,9.9,99.0,5.463363103412789,indicative_snapshot_not_final,2026-10-06T13:23:27.262967+00:00,https://info.cld.hkjc.com/graphql/base/
gaussian_probit,HKJC:2026-10-07:HV:R2,2,3,2,LUCKY MCQUEEN,0.1442697384256139,0.4185617402595931,7.9,79.0,1.3973093356234987,indicative_snapshot_not_final,2026-10-06T13:23:27.262967+00:00,https://info.cld.hkjc.com/graphql/base/
gaussian_probit,HKJC:2026-10-07:HV:R2,2,4,5,WORLD HERO,0.0947665027550821,0.2970789021548419,9.8,98.0,-0.7128827300019545,indicative_snapshot_not_final,2026-10-06T13:23:27.262967+00:00,https://info.cld.hkjc.com/graphql/base/
gaussian_probit,HKJC:2026-10-07:HV:R2,2,5,7,NEW POWER,0.0945571649782188,0.29652008822889053,14,140.0,3.2380030969506315,indicative_snapshot_not_final,2026-10-06T13:23:27.262967+00:00,https://info.cld.hkjc.com/graphql/base/
gaussian_probit,HKJC:2026-10-07:HV:R2,2,6,6,HAYDAY,0.0850552671361665,0.2707519835668077,7.4,74.0,-3.7059102319236787,indicative_snapshot_not_final,2026-10-06T13:23:27.262967+00:00,https://info.cld.hkjc.com/graphql/base/
gaussian_probit,HKJC:2026-10-07:HV:R2,2,7,8,I AM BACK,0.0628785122873099,0.20751284729778674,25,250.0,5.719628071827474,indicative_snapshot_not_final,2026-10-06T13:23:27.262967+00:00,https://info.cld.hkjc.com/graphql/base/
gaussian_probit,HKJC:2026-10-07:HV:R2,2,8,12,TACTICAL COMMAND,0.0396629117761729,0.13651770891386308,24,240.0,-0.4809011737185038,indicative_snapshot_not_final,2026-10-06T13:23:27.262967+00:00,https://info.cld.hkjc.com/graphql/base/
gaussian_probit,HKJC:2026-10-07:HV:R2,2,9,9,LIGHTNESS OF BEING,0.0327065509081683,0.11422819474188907,16,160.0,-4.7669518546930725,indicative_snapshot_not_final,2026-10-06T13:23:27.262967+00:00,https://info.cld.hkjc.com/graphql/base/
gaussian_probit,HKJC:2026-10-07:HV:R2,2,10,1,GLORIOUS DYNASTY,0.0323567486903444,0.11309412290501687,13,130.0,-5.793622670255228,indicative_snapshot_not_final,2026-10-06T13:23:27.262967+00:00,https://info.cld.hkjc.com/graphql/base/
gaussian_probit,HKJC:2026-10-07:HV:R2,2,11,11,SMILING CHAMPION,0.0227028983932981,0.08126147391613216,36,360.0,-1.826956578412684,indicative_snapshot_not_final,2026-10-06T13:23:27.262967+00:00,https://info.cld.hkjc.com/graphql/base/
gaussian_probit,HKJC:2026-10-07:HV:R2,2,12,3,VIGOR HAPPINESS,0.0150481811658131,0.055203576436328616,19,190.0,-7.140845578495512,indicative_snapshot_not_final,2026-10-06T13:23:27.262967+00:00,https://info.cld.hkjc.com/graphql/base/
gaussian_probit,HKJC:2026-10-07:HV:R3,3,1,4,SUNDAY'S SERENADE,0.2090279340001271,0.5370319894324678,6.0,60.0,2.5416760400076264,indicative_snapshot_not_final,2026-10-06T13:23:27.872509+00:00,https://info.cld.hkjc.com/graphql/base/
gaussian_probit,HKJC:2026-10-07:HV:R3,3,2,6,DECISION LINK,0.1601447538234019,0.4445844360100984,7.0,70.0,1.2101327676381324,indicative_snapshot_not_final,2026-10-06T13:23:27.872509+00:00,https://info.cld.hkjc.com/graphql/base/
gaussian_probit,HKJC:2026-10-07:HV:R3,3,3,10,FORTUNE STAR,0.0897188755910318,0.27769959622340495,2.5,25.0,-7.757028110224205,indicative_snapshot_not_final,2026-10-06T13:23:27.872509+00:00,https://info.cld.hkjc.com/graphql/base/
gaussian_probit,HKJC:2026-10-07:HV:R3,3,4,8,LUCK IS BACK,0.0886446187604017,0.2748330807824981,11,110.0,-0.24909193635581417,indicative_snapshot_not_final,2026-10-06T13:23:27.872509+00:00,https://info.cld.hkjc.com/graphql/base/
gaussian_probit,HKJC:2026-10-07:HV:R3,3,5,2,RAGGA BOMB,0.0817863856097241,0.2563021312451854,26,260.0,11.264460258528263,indicative_snapshot_not_final,2026-10-06T13:23:27.872509+00:00,https://info.cld.hkjc.com/graphql/base/
gaussian_probit,HKJC:2026-10-07:HV:R3,3,6,3,CLASS,0.0733375681300209,0.23292257502166314,10,100.0,-2.66624318699791,indicative_snapshot_not_final,2026-10-06T13:23:27.872509+00:00,https://info.cld.hkjc.com/graphql/base/
gaussian_probit,HKJC:2026-10-07:HV:R3,3,7,1,EXCEED THE LIMIT,0.0676096328863266,0.2167237162244551,18,180.0,2.1697339195387872,indicative_snapshot_not_final,2026-10-06T13:23:27.872509+00:00,https://info.cld.hkjc.com/graphql/base/
gaussian_probit,HKJC:2026-10-07:HV:R3,3,8,5,BULLISH NOVA,0.0635553431185163,0.20508628832132708,6.8,68.0,-5.678236667940892,indicative_snapshot_not_final,2026-10-06T13:23:27.872509+00:00,https://info.cld.hkjc.com/graphql/base/
gaussian_probit,HKJC:2026-10-07:HV:R3,3,9,7,DASHING MAURISON,0.0615071706165897,0.19915271345779595,35,350.0,11.527509715806396,indicative_snapshot_not_final,2026-10-06T13:23:27.872509+00:00,https://info.cld.hkjc.com/graphql/base/
gaussian_probit,HKJC:2026-10-07:HV:R3,3,10,12,GLORIOUS ST PAUL'S,0.0386849271879844,0.13049245511213414,61,610.0,13.597805584670486,indicative_snapshot_not_final,2026-10-06T13:23:27.872509+00:00,https://info.cld.hkjc.com/graphql/base/
gaussian_probit,HKJC:2026-10-07:HV:R3,3,11,9,COLOURFUL GAN,0.0347888366617429,0.11828472274283228,45,450.0,5.654976497784306,indicative_snapshot_not_final,2026-10-06T13:23:27.872509+00:00,https://info.cld.hkjc.com/graphql/base/
gaussian_probit,HKJC:2026-10-07:HV:R3,3,12,11,LUCKY XANDER,0.0311939536141321,0.1068862954261381,63,630.0,9.652190776903222,indicative_snapshot_not_final,2026-10-06T13:23:27.872509+00:00,https://info.cld.hkjc.com/graphql/base/
gaussian_probit,HKJC:2026-10-07:HV:R4,4,1,8,ABSOLUTE HONOUR,0.2022846732786831,0.531033769288015,10,100.0,10.228467327868309,indicative_snapshot_not_final,2026-10-06T13:23:29.792552+00:00,https://info.cld.hkjc.com/graphql/base/
gaussian_probit,HKJC:2026-10-07:HV:R4,4,2,2,SKY DEEP,0.1526898468779402,0.433868343052322,4.3,43.0,-3.4343365842485714,indicative_snapshot_not_final,2026-10-06T13:23:29.792552+00:00,https://info.cld.hkjc.com/graphql/base/
gaussian_probit,HKJC:2026-10-07:HV:R4,4,3,10,PRECISION HOPE,0.136363581237347,0.3975164805206712,5.2,52.0,-2.909093775657957,indicative_snapshot_not_final,2026-10-06T13:23:29.792552+00:00,https://info.cld.hkjc.com/graphql/base/
gaussian_probit,HKJC:2026-10-07:HV:R4,4,4,12,PRESTIGE RICKY,0.1132360750113831,0.3421738774958812,8.3,83.0,-0.6014057740552037,indicative_snapshot_not_final,2026-10-06T13:23:29.792552+00:00,https://info.cld.hkjc.com/graphql/base/
gaussian_probit,HKJC:2026-10-07:HV:R4,4,5,4,TAKE ACTION,0.0917846186660728,0.28676323650449714,11,110.0,0.09630805326800917,indicative_snapshot_not_final,2026-10-06T13:23:29.792552+00:00,https://info.cld.hkjc.com/graphql/base/
gaussian_probit,HKJC:2026-10-07:HV:R4,4,6,11,PODIUM,0.0753643833755862,0.24166855172015145,24,240.0,8.087452010140687,indicative_snapshot_not_final,2026-10-06T13:23:29.792552+00:00,https://info.cld.hkjc.com/graphql/base/
gaussian_probit,HKJC:2026-10-07:HV:R4,4,7,9,AMAZING AWARD,0.0665186610862588,0.21640031094623044,24,240.0,5.964478660702111,indicative_snapshot_not_final,2026-10-06T13:23:29.792552+00:00,https://info.cld.hkjc.com/graphql/base/
gaussian_probit,HKJC:2026-10-07:HV:R4,4,8,3,STURDY RUBY,0.0523926379847582,0.17460372613973693,12,120.0,-3.7128834418290166,indicative_snapshot_not_final,2026-10-06T13:23:29.792552+00:00,https://info.cld.hkjc.com/graphql/base/
gaussian_probit,HKJC:2026-10-07:HV:R4,4,9,5,JUMBO STEPS,0.0465474303690077,0.1567759047497258,15,150.0,-3.0178854446488446,indicative_snapshot_not_final,2026-10-06T13:23:29.792552+00:00,https://info.cld.hkjc.com/graphql/base/
gaussian_probit,HKJC:2026-10-07:HV:R4,4,10,1,VIVA GRACIOUSNESS,0.043825004326848,0.1483630220733772,5.7,57.0,-7.501974753369664,indicative_snapshot_not_final,2026-10-06T13:23:29.792552+00:00,https://info.cld.hkjc.com/graphql/base/
gaussian_probit,HKJC:2026-10-07:HV:R4,4,11,7,MISSION GIANT,0.0095628092162991,0.03565024688769801,44,440.0,-5.792363944828396,indicative_snapshot_not_final,2026-10-06T13:23:29.792552+00:00,https://info.cld.hkjc.com/graphql/base/
gaussian_probit,HKJC:2026-10-07:HV:R4,4,12,6,BLAZING METEOR,0.0094302785698154,0.03518253062169389,15,150.0,-8.58545821452769,indicative_snapshot_not_final,2026-10-06T13:23:29.792552+00:00,https://info.cld.hkjc.com/graphql/base/
gaussian_probit,HKJC:2026-10-07:HV:R5,5,1,4,SUPERB KING,0.2135895914567563,0.5500642703000989,3.1,31.0,-3.378722664840555,indicative_snapshot_not_final,2026-10-06T13:23:30.462226+00:00,https://info.cld.hkjc.com/graphql/base/
gaussian_probit,HKJC:2026-10-07:HV:R5,5,2,8,GEORGIAN SIGMA,0.1546864876260296,0.43776488849280376,3.8,38.0,-4.121913470210875,indicative_snapshot_not_final,2026-10-06T13:23:30.462226+00:00,https://info.cld.hkjc.com/graphql/base/
gaussian_probit,HKJC:2026-10-07:HV:R5,5,3,9,GOLDEN ACE,0.1296597217388703,0.38158653220920435,7.0,70.0,-0.9238194782790785,indicative_snapshot_not_final,2026-10-06T13:23:30.462226+00:00,https://info.cld.hkjc.com/graphql/base/
gaussian_probit,HKJC:2026-10-07:HV:R5,5,4,12,MAPOGO,0.0979147755543671,0.30270359341538544,27,270.0,16.436989399679117,indicative_snapshot_not_final,2026-10-06T13:23:30.462226+00:00,https://info.cld.hkjc.com/graphql/base/
gaussian_probit,HKJC:2026-10-07:HV:R5,5,5,1,GRAND NOVA,0.0868018893667509,0.2730512716441939,10,100.0,-1.3198110633249094,indicative_snapshot_not_final,2026-10-06T13:23:30.462226+00:00,https://info.cld.hkjc.com/graphql/base/
gaussian_probit,HKJC:2026-10-07:HV:R5,5,6,6,BEAUTY SHOW,0.0725555008595618,0.23347527319071623,11,110.0,-2.0188949054482013,indicative_snapshot_not_final,2026-10-06T13:23:30.462226+00:00,https://info.cld.hkjc.com/graphql/base/
gaussian_probit,HKJC:2026-10-07:HV:R5,5,7,7,BRILLIANT TURN,0.0722083996779795,0.23248895906597586,18,180.0,2.9975119420363097,indicative_snapshot_not_final,2026-10-06T13:23:30.462226+00:00,https://info.cld.hkjc.com/graphql/base/
gaussian_probit,HKJC:2026-10-07:HV:R5,5,8,5,VIGOR EYE,0.0606283506835834,0.19897416764314343,20,200.0,2.12567013671668,indicative_snapshot_not_final,2026-10-06T13:23:30.462226+00:00,https://info.cld.hkjc.com/graphql/base/
gaussian_probit,HKJC:2026-10-07:HV:R5,5,9,10,IRON SECURITY,0.0366286533190019,0.12562908076852303,22,220.0,-1.941696269819582,indicative_snapshot_not_final,2026-10-06T13:23:30.462226+00:00,https://info.cld.hkjc.com/graphql/base/
gaussian_probit,HKJC:2026-10-07:HV:R5,5,10,2,MASTER CHAMPION,0.0357203259219309,0.1227449154320505,25,250.0,-1.069918519517275,indicative_snapshot_not_final,2026-10-06T13:23:30.462226+00:00,https://info.cld.hkjc.com/graphql/base/
gaussian_probit,HKJC:2026-10-07:HV:R5,5,11,11,JACKSON HABIT,0.0208520195895888,0.07428150639966082,24,240.0,-4.995515298498688,indicative_snapshot_not_final,2026-10-06T13:23:30.462226+00:00,https://info.cld.hkjc.com/graphql/base/
gaussian_probit,HKJC:2026-10-07:HV:R5,5,12,3,COPPER CORE,0.0187542842055791,0.06723554143824313,29,290.0,-4.561257580382062,indicative_snapshot_not_final,2026-10-06T13:23:30.462226+00:00,https://info.cld.hkjc.com/graphql/base/
gaussian_probit,HKJC:2026-10-07:HV:R6,6,1,9,NO OTHER CHOICE,0.1688461122351391,0.45779317471042374,3.2,32.0,-4.596924408475549,indicative_snapshot_not_final,2026-10-06T13:23:31.462201+00:00,https://info.cld.hkjc.com/graphql/base/
gaussian_probit,HKJC:2026-10-07:HV:R6,6,2,10,KWAI CHUNG TALENTS,0.1591819786720991,0.4381093215803272,5.3,53.0,-1.5633551303787474,indicative_snapshot_not_final,2026-10-06T13:23:31.462201+00:00,https://info.cld.hkjc.com/graphql/base/
gaussian_probit,HKJC:2026-10-07:HV:R6,6,3,5,CALIFORNIA BAY,0.0992944185503585,0.29950618042702404,7.5,75.0,-2.552918608723112,indicative_snapshot_not_final,2026-10-06T13:23:31.462201+00:00,https://info.cld.hkjc.com/graphql/base/
gaussian_probit,HKJC:2026-10-07:HV:R6,6,4,8,HAPPY UNITED,0.0927716162667825,0.2826428346810206,21,210.0,9.482039416024325,indicative_snapshot_not_final,2026-10-06T13:23:31.462201+00:00,https://info.cld.hkjc.com/graphql/base/
gaussian_probit,HKJC:2026-10-07:HV:R6,6,5,7,POET'S REIGN,0.0900632966052124,0.2755376090996503,11,110.0,-0.0930373734266361,indicative_snapshot_not_final,2026-10-06T13:23:31.462201+00:00,https://info.cld.hkjc.com/graphql/base/
gaussian_probit,HKJC:2026-10-07:HV:R6,6,6,6,KING OBERON,0.0751101059483496,0.23520901882855946,12,120.0,-0.986787286198048,indicative_snapshot_not_final,2026-10-06T13:23:31.462201+00:00,https://info.cld.hkjc.com/graphql/base/
gaussian_probit,HKJC:2026-10-07:HV:R6,6,7,12,MAJESTIC DELIGHT,0.0677641013221824,0.21470945796845806,37,370.0,15.072717489207488,indicative_snapshot_not_final,2026-10-06T13:23:31.462201+00:00,https://info.cld.hkjc.com/graphql/base/
gaussian_probit,HKJC:2026-10-07:HV:R6,6,8,4,UNSTOPPAPLE,0.0667891561101263,0.21195441404606033,7.3,73.0,-5.12439160396078,indicative_snapshot_not_final,2026-10-06T13:23:31.462201+00:00,https://info.cld.hkjc.com/graphql/base/
gaussian_probit,HKJC:2026-10-07:HV:R6,6,9,3,STARRY SHOW,0.0632438656838948,0.20186758196170362,21,210.0,3.281211793617908,indicative_snapshot_not_final,2026-10-06T13:23:31.462201+00:00,https://info.cld.hkjc.com/graphql/base/
gaussian_probit,HKJC:2026-10-07:HV:R6,6,10,2,GRIT SPIRIT,0.0584689641273199,0.18811170772241162,11,110.0,-3.568413945994811,indicative_snapshot_not_final,2026-10-06T13:23:31.462201+00:00,https://info.cld.hkjc.com/graphql/base/
gaussian_probit,HKJC:2026-10-07:HV:R6,6,11,1,HEALTHY HEALTHY,0.0490723324452413,0.16046047670526847,24,240.0,1.777359786857911,indicative_snapshot_not_final,2026-10-06T13:23:31.462201+00:00,https://info.cld.hkjc.com/graphql/base/
gaussian_probit,HKJC:2026-10-07:HV:R6,6,12,11,VIEW OF COSMOS,0.0093940520332936,0.03409822226909316,32,320.0,-6.993903349346048,indicative_snapshot_not_final,2026-10-06T13:23:31.462201+00:00,https://info.cld.hkjc.com/graphql/base/
gaussian_probit,HKJC:2026-10-07:HV:R7,7,1,9,BRIGHT DAY,0.1784704788742498,0.47932457266305656,10,100.0,7.847047887424981,indicative_snapshot_not_final,2026-10-06T13:23:32.955824+00:00,https://info.cld.hkjc.com/graphql/base/
gaussian_probit,HKJC:2026-10-07:HV:R7,7,2,5,TARGET AUDIENCE,0.1514885388397036,0.4243479568833001,4.0,40.0,-3.9404584464118564,indicative_snapshot_not_final,2026-10-06T13:23:32.955824+00:00,https://info.cld.hkjc.com/graphql/base/
gaussian_probit,HKJC:2026-10-07:HV:R7,7,3,2,FLYING WROTE,0.1208165706352945,0.3547713819611508,5.7,57.0,-3.113455473788214,indicative_snapshot_not_final,2026-10-06T13:23:32.955824+00:00,https://info.cld.hkjc.com/graphql/base/
gaussian_probit,HKJC:2026-10-07:HV:R7,7,4,12,YOUNG ARROW,0.1115740503720185,0.33229391730934976,17,170.0,8.967588563243144,indicative_snapshot_not_final,2026-10-06T13:23:32.955824+00:00,https://info.cld.hkjc.com/graphql/base/
gaussian_probit,HKJC:2026-10-07:HV:R7,7,5,10,QUANTUM CLOUD,0.0834412323488604,0.2595092465010929,11,110.0,-0.8214644416253556,indicative_snapshot_not_final,2026-10-06T13:23:32.955824+00:00,https://info.cld.hkjc.com/graphql/base/
gaussian_probit,HKJC:2026-10-07:HV:R7,7,6,11,DARYL FLASH,0.0800611858651727,0.2503185420739789,4.7,47.0,-6.237124264336883,indicative_snapshot_not_final,2026-10-06T13:23:32.955824+00:00,https://info.cld.hkjc.com/graphql/base/
gaussian_probit,HKJC:2026-10-07:HV:R7,7,7,3,JUBILANT WINNER,0.0761734964460655,0.23962811761455796,23,230.0,7.519904182595063,indicative_snapshot_not_final,2026-10-06T13:23:32.955824+00:00,https://info.cld.hkjc.com/graphql/base/
gaussian_probit,HKJC:2026-10-07:HV:R7,7,8,7,SAVVY BRILLIANT,0.0596412554002416,0.1927264092501112,20,200.0,1.9282510800483195,indicative_snapshot_not_final,2026-10-06T13:23:32.955824+00:00,https://info.cld.hkjc.com/graphql/base/
gaussian_probit,HKJC:2026-10-07:HV:R7,7,9,8,MATTERS MOST,0.0427939036118868,0.1424659888912511,14,140.0,-4.008853494335848,indicative_snapshot_not_final,2026-10-06T13:23:32.955824+00:00,https://info.cld.hkjc.com/graphql/base/
gaussian_probit,HKJC:2026-10-07:HV:R7,7,10,1,AURORA LADY,0.0378779692427989,0.12730993839400934,21,210.0,-2.0456264590122304,indicative_snapshot_not_final,2026-10-06T13:23:32.955824+00:00,https://info.cld.hkjc.com/graphql/base/
gaussian_probit,HKJC:2026-10-07:HV:R7,7,11,6,POWER KOEPP,0.034081805819276,0.11544688149363685,13,130.0,-5.56936524349412,indicative_snapshot_not_final,2026-10-06T13:23:32.955824+00:00,https://info.cld.hkjc.com/graphql/base/
gaussian_probit,HKJC:2026-10-07:HV:R7,7,12,4,LUCKY PLANET,0.0235795125444312,0.0818570469645047,19,190.0,-5.519892616558073,indicative_snapshot_not_final,2026-10-06T13:23:32.955824+00:00,https://info.cld.hkjc.com/graphql/base/
gaussian_probit,HKJC:2026-10-07:HV:R8,8,1,1,DAZZLING FIT,0.1973908279350001,0.5155597419272306,4.6,46.0,-0.9200219149899951,indicative_snapshot_not_final,2026-10-06T13:23:33.506775+00:00,https://info.cld.hkjc.com/graphql/base/
gaussian_probit,HKJC:2026-10-07:HV:R8,8,2,2,POPE CODY,0.1636253835971419,0.4507508210198572,8.0,80.0,3.0900306877713533,indicative_snapshot_not_final,2026-10-06T13:23:33.506775+00:00,https://info.cld.hkjc.com/graphql/base/
gaussian_probit,HKJC:2026-10-07:HV:R8,8,3,10,FLYING FORTUNE,0.0939106166420987,0.28806025981574174,10,100.0,-0.6089383357901301,indicative_snapshot_not_final,2026-10-06T13:23:33.506775+00:00,https://info.cld.hkjc.com/graphql/base/
gaussian_probit,HKJC:2026-10-07:HV:R8,8,4,4,DO YOU JUST,0.0875647619845268,0.2712480759960463,5.5,55.0,-5.183938090851026,indicative_snapshot_not_final,2026-10-06T13:23:33.506775+00:00,https://info.cld.hkjc.com/graphql/base/
gaussian_probit,HKJC:2026-10-07:HV:R8,8,5,9,AUDACIOUS PURSUIT,0.0850906765204475,0.26460150616629813,19,190.0,6.167228538885023,indicative_snapshot_not_final,2026-10-06T13:23:33.506775+00:00,https://info.cld.hkjc.com/graphql/base/
gaussian_probit,HKJC:2026-10-07:HV:R8,8,6,5,RUN RUN SMART,0.0844882042607908,0.26297515247420433,18,180.0,5.207876766942345,indicative_snapshot_not_final,2026-10-06T13:23:33.506775+00:00,https://info.cld.hkjc.com/graphql/base/
gaussian_probit,HKJC:2026-10-07:HV:R8,8,7,11,URANUS STAR,0.0694092575379381,0.22126588998001803,7.2,72.0,-5.0025334572684566,indicative_snapshot_not_final,2026-10-06T13:23:33.506775+00:00,https://info.cld.hkjc.com/graphql/base/
gaussian_probit,HKJC:2026-10-07:HV:R8,8,8,3,PRESTIGE GOOD,0.0618281976282913,0.19955961498446143,10,100.0,-3.81718023717087,indicative_snapshot_not_final,2026-10-06T13:23:33.506775+00:00,https://info.cld.hkjc.com/graphql/base/
gaussian_probit,HKJC:2026-10-07:HV:R8,8,9,6,CALL ME TOPSEED,0.0460951268707654,0.15289873068765233,29,290.0,3.3675867925219656,indicative_snapshot_not_final,2026-10-06T13:23:33.506775+00:00,https://info.cld.hkjc.com/graphql/base/
gaussian_probit,HKJC:2026-10-07:HV:R8,8,10,12,REFUSETOBEENGLISH,0.0425080141846954,0.14194622539060256,7.4,74.0,-6.854406950332541,indicative_snapshot_not_final,2026-10-06T13:23:33.506775+00:00,https://info.cld.hkjc.com/graphql/base/
gaussian_probit,HKJC:2026-10-07:HV:R8,8,11,8,RISING PHOENIX,0.0373050468048614,0.1258445384965906,16,160.0,-4.031192511222176,indicative_snapshot_not_final,2026-10-06T13:23:33.506775+00:00,https://info.cld.hkjc.com/graphql/base/
gaussian_probit,HKJC:2026-10-07:HV:R8,8,12,7,LEGEND WINNER,0.0307838860334422,0.10528944306129646,33,330.0,0.15868239103592607,indicative_snapshot_not_final,2026-10-06T13:23:33.506775+00:00,https://info.cld.hkjc.com/graphql/base/
gaussian_probit,HKJC:2026-10-07:HV:R9,9,1,6,PRESTIGE ALWAYS,0.1988690451809029,0.5317246175915648,7.3,73.0,4.517440298205912,indicative_snapshot_not_final,2026-10-06T13:23:34.894742+00:00,https://info.cld.hkjc.com/graphql/base/
gaussian_probit,HKJC:2026-10-07:HV:R9,9,2,9,LIVE WIRE,0.1649218469005355,0.46591355833931614,13,130.0,11.439840097069613,indicative_snapshot_not_final,2026-10-06T13:23:34.894742+00:00,https://info.cld.hkjc.com/graphql/base/
gaussian_probit,HKJC:2026-10-07:HV:R9,9,3,7,THE HEIR,0.1609974751400051,0.4576962047252971,4.0,40.0,-3.5601009943997965,indicative_snapshot_not_final,2026-10-06T13:23:34.894742+00:00,https://info.cld.hkjc.com/graphql/base/
gaussian_probit,HKJC:2026-10-07:HV:R9,9,4,1,AURIO,0.1462103054421293,0.4255607944552814,5.3,53.0,-2.250853811567148,indicative_snapshot_not_final,2026-10-06T13:23:34.894742+00:00,https://info.cld.hkjc.com/graphql/base/
gaussian_probit,HKJC:2026-10-07:HV:R9,9,5,5,THUNDER KIT,0.0875736962491956,0.27950355890257167,12,120.0,0.5088435499034727,indicative_snapshot_not_final,2026-10-06T13:23:34.894742+00:00,https://info.cld.hkjc.com/graphql/base/
gaussian_probit,HKJC:2026-10-07:HV:R9,9,6,2,MOTOR,0.0551558083813776,0.18572542876078163,9.2,92.0,-4.925665628913261,indicative_snapshot_not_final,2026-10-06T13:23:34.894742+00:00,https://info.cld.hkjc.com/graphql/base/
gaussian_probit,HKJC:2026-10-07:HV:R9,9,7,4,AMAZING KID,0.0432252923255756,0.14878016375916175,20,200.0,-1.3549415348848797,indicative_snapshot_not_final,2026-10-06T13:23:34.894742+00:00,https://info.cld.hkjc.com/graphql/base/
gaussian_probit,HKJC:2026-10-07:HV:R9,9,8,11,STORMING DRAGON,0.0412805314156371,0.14262744608328204,13,130.0,-4.633530915967176,indicative_snapshot_not_final,2026-10-06T13:23:34.894742+00:00,https://info.cld.hkjc.com/graphql/base/
gaussian_probit,HKJC:2026-10-07:HV:R9,9,9,8,HONEST WITNESS,0.0353550228433865,0.12364644498834788,20,200.0,-2.9289954313227,indicative_snapshot_not_final,2026-10-06T13:23:34.894742+00:00,https://info.cld.hkjc.com/graphql/base/
gaussian_probit,HKJC:2026-10-07:HV:R9,9,10,3,GUSTOSISIMO,0.0288636412542718,0.10243112121464826,13,130.0,-6.247726636944666,indicative_snapshot_not_final,2026-10-06T13:23:34.894742+00:00,https://info.cld.hkjc.com/graphql/base/
gaussian_probit,HKJC:2026-10-07:HV:R9,9,11,12,THUNDER ACTION,0.0252726740667698,0.09049398683667166,12,120.0,-6.967279111987624,indicative_snapshot_not_final,2026-10-06T13:23:34.894742+00:00,https://info.cld.hkjc.com/graphql/base/
gaussian_probit,HKJC:2026-10-07:HV:R9,9,12,10,TRIPLE FORTUNE,0.0122746608002124,0.04589667434307556,20,200.0,-7.54506783995752,indicative_snapshot_not_final,2026-10-06T13:23:34.894742+00:00,https://info.cld.hkjc.com/graphql/base/
pool,HKJC:2026-10-07:HV:R1,1,1,1,CAN'T GO WONG,0.2258384998771345,0.5730179381757735,4.0,40.0,-0.9664600049146195,indicative_snapshot_not_final,2026-10-06T13:23:25.797981+00:00,https://info.cld.hkjc.com/graphql/base/
pool,HKJC:2026-10-07:HV:R1,1,2,9,GOLDEN FORTUNE,0.1743481462931767,0.48066949565497613,8.2,82.0,4.296547996040488,indicative_snapshot_not_final,2026-10-06T13:23:25.797981+00:00,https://info.cld.hkjc.com/graphql/base/
pool,HKJC:2026-10-07:HV:R1,1,3,5,OCEAN IMPACT,0.1088868621285441,0.33206354603258587,8.2,82.0,-1.0712773054593825,indicative_snapshot_not_final,2026-10-06T13:23:25.797981+00:00,https://info.cld.hkjc.com/graphql/base/
pool,HKJC:2026-10-07:HV:R1,1,4,6,YOUNG FIGHTER,0.0871942572031335,0.27466938408163605,13,130.0,1.3352534364073545,indicative_snapshot_not_final,2026-10-06T13:23:25.797981+00:00,https://info.cld.hkjc.com/graphql/base/
pool,HKJC:2026-10-07:HV:R1,1,5,4,KINGLY DEMEANOR,0.0736289882265879,0.23670740188731448,4.9,49.0,-6.392179576897194,indicative_snapshot_not_final,2026-10-06T13:23:25.797981+00:00,https://info.cld.hkjc.com/graphql/base/
pool,HKJC:2026-10-07:HV:R1,1,6,10,SPLENDID FORCE,0.0570898056983883,0.18825649382386156,14,140.0,-2.007427202225638,indicative_snapshot_not_final,2026-10-06T13:23:25.797981+00:00,https://info.cld.hkjc.com/graphql/base/
pool,HKJC:2026-10-07:HV:R1,1,7,2,SHARPEN BRIGHT,0.0543649226169535,0.1800435865921735,16,160.0,-1.3016123812874412,indicative_snapshot_not_final,2026-10-06T13:23:25.797981+00:00,https://info.cld.hkjc.com/graphql/base/
pool,HKJC:2026-10-07:HV:R1,1,8,8,GOOD LUCK WIN,0.0517484123801303,0.17209530568219691,12,120.0,-3.7901905143843635,indicative_snapshot_not_final,2026-10-06T13:23:25.797981+00:00,https://info.cld.hkjc.com/graphql/base/
pool,HKJC:2026-10-07:HV:R1,1,9,12,TURF PHOENIX,0.0512595332800564,0.1706034544041344,23,230.0,1.7896926544129723,indicative_snapshot_not_final,2026-10-06T13:23:25.797981+00:00,https://info.cld.hkjc.com/graphql/base/
pool,HKJC:2026-10-07:HV:R1,1,10,3,GRAND TURBO,0.0474261265268132,0.15883130827544767,10,100.0,-5.25738734731868,indicative_snapshot_not_final,2026-10-06T13:23:25.797981+00:00,https://info.cld.hkjc.com/graphql/base/
pool,HKJC:2026-10-07:HV:R1,1,11,11,PERFECT PAIRING,0.0428127280786589,0.14448782039306302,13,130.0,-4.434345349774343,indicative_snapshot_not_final,2026-10-06T13:23:25.797981+00:00,https://info.cld.hkjc.com/graphql/base/
pool,HKJC:2026-10-07:HV:R1,1,12,7,SMILING ONE,0.0254017176904221,0.08855426499683795,37,370.0,-0.6013644545438233,indicative_snapshot_not_final,2026-10-06T13:23:25.797981+00:00,https://info.cld.hkjc.com/graphql/base/
pool,HKJC:2026-10-07:HV:R2,2,1,10,LOVING VIBES,0.2728836207545298,0.6532435820642842,2.6,26.0,-2.9050258603822243,indicative_snapshot_not_final,2026-10-06T13:23:27.262967+00:00,https://info.cld.hkjc.com/graphql/base/
pool,HKJC:2026-10-07:HV:R2,2,2,4,WINNING MONEY,0.1376761253878489,0.4120444595136239,9.9,99.0,3.6299364133970418,indicative_snapshot_not_final,2026-10-06T13:23:27.262967+00:00,https://info.cld.hkjc.com/graphql/base/
pool,HKJC:2026-10-07:HV:R2,2,3,2,LUCKY MCQUEEN,0.1217362347446802,0.37351013866227023,7.9,79.0,-0.38283745517026446,indicative_snapshot_not_final,2026-10-06T13:23:27.262967+00:00,https://info.cld.hkjc.com/graphql/base/
pool,HKJC:2026-10-07:HV:R2,2,4,7,NEW POWER,0.0926239088401494,0.2971452521809433,14,140.0,2.967347237620915,indicative_snapshot_not_final,2026-10-06T13:23:27.262967+00:00,https://info.cld.hkjc.com/graphql/base/
pool,HKJC:2026-10-07:HV:R2,2,5,6,HAYDAY,0.0882217081012099,0.2849263391579911,7.4,74.0,-3.4715936005104675,indicative_snapshot_not_final,2026-10-06T13:23:27.262967+00:00,https://info.cld.hkjc.com/graphql/base/
pool,HKJC:2026-10-07:HV:R2,2,6,5,WORLD HERO,0.0855157949368473,0.2773283479931481,9.8,98.0,-1.6194520961889651,indicative_snapshot_not_final,2026-10-06T13:23:27.262967+00:00,https://info.cld.hkjc.com/graphql/base/
pool,HKJC:2026-10-07:HV:R2,2,7,8,I AM BACK,0.0664743730482476,0.22197986142312467,25,250.0,6.6185932620619,indicative_snapshot_not_final,2026-10-06T13:23:27.262967+00:00,https://info.cld.hkjc.com/graphql/base/
pool,HKJC:2026-10-07:HV:R2,2,8,12,TACTICAL COMMAND,0.0397410550076337,0.13865081063690526,24,240.0,-0.4621467981679128,indicative_snapshot_not_final,2026-10-06T13:23:27.262967+00:00,https://info.cld.hkjc.com/graphql/base/
pool,HKJC:2026-10-07:HV:R2,2,9,9,LIGHTNESS OF BEING,0.0328239871696361,0.11598252823548798,16,160.0,-4.748162052858223,indicative_snapshot_not_final,2026-10-06T13:23:27.262967+00:00,https://info.cld.hkjc.com/graphql/base/
pool,HKJC:2026-10-07:HV:R2,2,10,1,GLORIOUS DYNASTY,0.0285946267861454,0.10188450630477182,13,130.0,-6.282698517801098,indicative_snapshot_not_final,2026-10-06T13:23:27.262967+00:00,https://info.cld.hkjc.com/graphql/base/
pool,HKJC:2026-10-07:HV:R2,2,11,11,SMILING CHAMPION,0.0202151043091346,0.07338518262033555,36,360.0,-2.7225624487115434,indicative_snapshot_not_final,2026-10-06T13:23:27.262967+00:00,https://info.cld.hkjc.com/graphql/base/
pool,HKJC:2026-10-07:HV:R2,2,12,3,VIGOR HAPPINESS,0.0134934609139366,0.049918991207113406,19,190.0,-7.436242426352045,indicative_snapshot_not_final,2026-10-06T13:23:27.262967+00:00,https://info.cld.hkjc.com/graphql/base/
pool,HKJC:2026-10-07:HV:R3,3,1,6,DECISION LINK,0.1889868548170199,0.5021264266652102,7.0,70.0,3.229079837191394,indicative_snapshot_not_final,2026-10-06T13:23:27.872509+00:00,https://info.cld.hkjc.com/graphql/base/
pool,HKJC:2026-10-07:HV:R3,3,2,4,SUNDAY'S SERENADE,0.1714656998862121,0.4682559606540276,6.0,60.0,0.2879419931727263,indicative_snapshot_not_final,2026-10-06T13:23:27.872509+00:00,https://info.cld.hkjc.com/graphql/base/
pool,HKJC:2026-10-07:HV:R3,3,3,2,RAGGA BOMB,0.089701822151319,0.2771122745857471,26,260.0,13.322473759342941,indicative_snapshot_not_final,2026-10-06T13:23:27.872509+00:00,https://info.cld.hkjc.com/graphql/base/
pool,HKJC:2026-10-07:HV:R3,3,4,10,FORTUNE STAR,0.0895704031746937,0.27676002064041183,2.5,25.0,-7.760739920632657,indicative_snapshot_not_final,2026-10-06T13:23:27.872509+00:00,https://info.cld.hkjc.com/graphql/base/
pool,HKJC:2026-10-07:HV:R3,3,5,8,LUCK IS BACK,0.087987964490848,0.2725070473594579,11,110.0,-0.3213239060067199,indicative_snapshot_not_final,2026-10-06T13:23:27.872509+00:00,https://info.cld.hkjc.com/graphql/base/
pool,HKJC:2026-10-07:HV:R3,3,6,3,CLASS,0.086363157128669,0.268118251636046,10,100.0,-1.3636842871331005,indicative_snapshot_not_final,2026-10-06T13:23:27.872509+00:00,https://info.cld.hkjc.com/graphql/base/
pool,HKJC:2026-10-07:HV:R3,3,7,7,DASHING MAURISON,0.0655894607035368,0.2100412381320866,35,350.0,12.956311246237881,indicative_snapshot_not_final,2026-10-06T13:23:27.872509+00:00,https://info.cld.hkjc.com/graphql/base/
pool,HKJC:2026-10-07:HV:R3,3,8,1,EXCEED THE LIMIT,0.0630180439091308,0.20259776890098075,18,180.0,1.3432479036435439,indicative_snapshot_not_final,2026-10-06T13:23:27.872509+00:00,https://info.cld.hkjc.com/graphql/base/
pool,HKJC:2026-10-07:HV:R3,3,9,5,BULLISH NOVA,0.053421849402181,0.1743195141926213,6.8,68.0,-6.367314240651693,indicative_snapshot_not_final,2026-10-06T13:23:27.872509+00:00,https://info.cld.hkjc.com/graphql/base/
pool,HKJC:2026-10-07:HV:R3,3,10,12,GLORIOUS ST PAUL'S,0.0475658989428169,0.15667155548345774,61,610.0,19.01519835511831,indicative_snapshot_not_final,2026-10-06T13:23:27.872509+00:00,https://info.cld.hkjc.com/graphql/base/
pool,HKJC:2026-10-07:HV:R3,3,11,9,COLOURFUL GAN,0.035389920244266,0.11900317010334542,45,450.0,5.9254641099197,indicative_snapshot_not_final,2026-10-06T13:23:27.872509+00:00,https://info.cld.hkjc.com/graphql/base/
pool,HKJC:2026-10-07:HV:R3,3,12,11,LUCKY XANDER,0.0209389251493064,0.0724867716466079,63,630.0,3.191522844063032,indicative_snapshot_not_final,2026-10-06T13:23:27.872509+00:00,https://info.cld.hkjc.com/graphql/base/
pool,HKJC:2026-10-07:HV:R4,4,1,8,ABSOLUTE HONOUR,0.1817009357926004,0.4985669300885481,10,100.0,8.17009357926004,indicative_snapshot_not_final,2026-10-06T13:23:29.792552+00:00,https://info.cld.hkjc.com/graphql/base/
pool,HKJC:2026-10-07:HV:R4,4,2,2,SKY DEEP,0.1692179346157328,0.47363881368512445,4.3,43.0,-2.723628811523489,indicative_snapshot_not_final,2026-10-06T13:23:29.792552+00:00,https://info.cld.hkjc.com/graphql/base/
pool,HKJC:2026-10-07:HV:R4,4,3,10,PRECISION HOPE,0.1671797056561431,0.4694458576777173,5.2,52.0,-1.3066553058805592,indicative_snapshot_not_final,2026-10-06T13:23:29.792552+00:00,https://info.cld.hkjc.com/graphql/base/
pool,HKJC:2026-10-07:HV:R4,4,4,12,PRESTIGE RICKY,0.1311325522206382,0.38944196169990064,8.3,83.0,0.8840018343129703,indicative_snapshot_not_final,2026-10-06T13:23:29.792552+00:00,https://info.cld.hkjc.com/graphql/base/
pool,HKJC:2026-10-07:HV:R4,4,5,4,TAKE ACTION,0.0780813675046492,0.251178696644036,11,110.0,-1.4110495744885885,indicative_snapshot_not_final,2026-10-06T13:23:29.792552+00:00,https://info.cld.hkjc.com/graphql/base/
pool,HKJC:2026-10-07:HV:R4,4,6,11,PODIUM,0.0664871202939198,0.21768743188232967,24,240.0,5.956908870540753,indicative_snapshot_not_final,2026-10-06T13:23:29.792552+00:00,https://info.cld.hkjc.com/graphql/base/
pool,HKJC:2026-10-07:HV:R4,4,7,9,AMAZING AWARD,0.0584935138437238,0.193907484073784,24,240.0,4.038443322493713,indicative_snapshot_not_final,2026-10-06T13:23:29.792552+00:00,https://info.cld.hkjc.com/graphql/base/
pool,HKJC:2026-10-07:HV:R4,4,8,3,STURDY RUBY,0.0471113698123272,0.15906324572331684,12,120.0,-4.346635622520736,indicative_snapshot_not_final,2026-10-06T13:23:29.792552+00:00,https://info.cld.hkjc.com/graphql/base/
pool,HKJC:2026-10-07:HV:R4,4,9,5,JUMBO STEPS,0.0452801668927402,0.15334783853740797,15,150.0,-3.2079749660889707,indicative_snapshot_not_final,2026-10-06T13:23:29.792552+00:00,https://info.cld.hkjc.com/graphql/base/
pool,HKJC:2026-10-07:HV:R4,4,10,1,VIVA GRACIOUSNESS,0.0393747394996815,0.13470531153732437,5.7,57.0,-7.755639848518154,indicative_snapshot_not_final,2026-10-06T13:23:29.792552+00:00,https://info.cld.hkjc.com/graphql/base/
pool,HKJC:2026-10-07:HV:R4,4,11,7,MISSION GIANT,0.0084365579015962,0.03116620880640985,44,440.0,-6.2879145232976725,indicative_snapshot_not_final,2026-10-06T13:23:29.792552+00:00,https://info.cld.hkjc.com/graphql/base/
pool,HKJC:2026-10-07:HV:R4,4,12,6,BLAZING METEOR,0.007504035966247,0.02785021964410146,15,150.0,-8.87439460506295,indicative_snapshot_not_final,2026-10-06T13:23:29.792552+00:00,https://info.cld.hkjc.com/graphql/base/
pool,HKJC:2026-10-07:HV:R5,5,1,4,SUPERB KING,0.225410738231208,0.5752408545037339,3.1,31.0,-3.012267114832552,indicative_snapshot_not_final,2026-10-06T13:23:30.462226+00:00,https://info.cld.hkjc.com/graphql/base/
pool,HKJC:2026-10-07:HV:R5,5,2,8,GEORGIAN SIGMA,0.1703842020117529,0.4753127451387088,3.8,38.0,-3.5254003235533906,indicative_snapshot_not_final,2026-10-06T13:23:30.462226+00:00,https://info.cld.hkjc.com/graphql/base/
pool,HKJC:2026-10-07:HV:R5,5,3,12,MAPOGO,0.1103044483678225,0.3376445879645854,27,270.0,19.782201059312072,indicative_snapshot_not_final,2026-10-06T13:23:30.462226+00:00,https://info.cld.hkjc.com/graphql/base/
pool,HKJC:2026-10-07:HV:R5,5,4,9,GOLDEN ACE,0.1045407023479717,0.32278645840514913,7.0,70.0,-2.6821508356419805,indicative_snapshot_not_final,2026-10-06T13:23:30.462226+00:00,https://info.cld.hkjc.com/graphql/base/
pool,HKJC:2026-10-07:HV:R5,5,5,1,GRAND NOVA,0.0859439641072507,0.27286791662923077,10,100.0,-1.4056035892749286,indicative_snapshot_not_final,2026-10-06T13:23:30.462226+00:00,https://info.cld.hkjc.com/graphql/base/
pool,HKJC:2026-10-07:HV:R5,5,6,6,BEAUTY SHOW,0.070780946529641,0.22992917409991523,11,110.0,-2.2140958817394907,indicative_snapshot_not_final,2026-10-06T13:23:30.462226+00:00,https://info.cld.hkjc.com/graphql/base/
pool,HKJC:2026-10-07:HV:R5,5,7,7,BRILLIANT TURN,0.0623733995458829,0.20525108259478886,18,180.0,1.2272119182589218,indicative_snapshot_not_final,2026-10-06T13:23:30.462226+00:00,https://info.cld.hkjc.com/graphql/base/
pool,HKJC:2026-10-07:HV:R5,5,8,5,VIGOR EYE,0.0608788069243686,0.20079879297077619,20,200.0,2.17576138487372,indicative_snapshot_not_final,2026-10-06T13:23:30.462226+00:00,https://info.cld.hkjc.com/graphql/base/
pool,HKJC:2026-10-07:HV:R5,5,9,10,IRON SECURITY,0.0398183576770161,0.13593001686418973,22,220.0,-1.239961311056458,indicative_snapshot_not_final,2026-10-06T13:23:30.462226+00:00,https://info.cld.hkjc.com/graphql/base/
pool,HKJC:2026-10-07:HV:R5,5,10,2,MASTER CHAMPION,0.0345551243231461,0.11908037618756473,25,250.0,-1.3612189192134743,indicative_snapshot_not_final,2026-10-06T13:23:30.462226+00:00,https://info.cld.hkjc.com/graphql/base/
pool,HKJC:2026-10-07:HV:R5,5,11,3,COPPER CORE,0.0176858384172324,0.06319646079373493,29,290.0,-4.871106859002604,indicative_snapshot_not_final,2026-10-06T13:23:30.462226+00:00,https://info.cld.hkjc.com/graphql/base/
pool,HKJC:2026-10-07:HV:R5,5,12,11,JACKSON HABIT,0.0173234715167064,0.06196153384762181,24,240.0,-5.842366835990464,indicative_snapshot_not_final,2026-10-06T13:23:30.462226+00:00,https://info.cld.hkjc.com/graphql/base/
pool,HKJC:2026-10-07:HV:R6,6,1,9,NO OTHER CHOICE,0.2027404894581838,0.5278361008601828,3.2,32.0,-3.5123043373381186,indicative_snapshot_not_final,2026-10-06T13:23:31.462201+00:00,https://info.cld.hkjc.com/graphql/base/
pool,HKJC:2026-10-07:HV:R6,6,2,10,KWAI CHUNG TALENTS,0.1519104436643753,0.42826057659533867,5.3,53.0,-1.9487464857881083,indicative_snapshot_not_final,2026-10-06T13:23:31.462201+00:00,https://info.cld.hkjc.com/graphql/base/
pool,HKJC:2026-10-07:HV:R6,6,3,5,CALIFORNIA BAY,0.1112254324973326,0.3334102843064275,7.5,75.0,-1.6580925627000553,indicative_snapshot_not_final,2026-10-06T13:23:31.462201+00:00,https://info.cld.hkjc.com/graphql/base/
pool,HKJC:2026-10-07:HV:R6,6,4,7,POET'S REIGN,0.0902588994910834,0.279092959009545,11,110.0,-0.07152105598082592,indicative_snapshot_not_final,2026-10-06T13:23:31.462201+00:00,https://info.cld.hkjc.com/graphql/base/
pool,HKJC:2026-10-07:HV:R6,6,5,8,HAPPY UNITED,0.0876084082262187,0.2719621010454708,21,210.0,8.397765727505927,indicative_snapshot_not_final,2026-10-06T13:23:31.462201+00:00,https://info.cld.hkjc.com/graphql/base/
pool,HKJC:2026-10-07:HV:R6,6,6,6,KING OBERON,0.0696856599478767,0.2221821374524258,12,120.0,-1.637720806254796,indicative_snapshot_not_final,2026-10-06T13:23:31.462201+00:00,https://info.cld.hkjc.com/graphql/base/
pool,HKJC:2026-10-07:HV:R6,6,7,4,UNSTOPPAPLE,0.0589229563716415,0.19097566788363818,7.3,73.0,-5.69862418487017,indicative_snapshot_not_final,2026-10-06T13:23:31.462201+00:00,https://info.cld.hkjc.com/graphql/base/
pool,HKJC:2026-10-07:HV:R6,6,8,3,STARRY SHOW,0.0573710779949499,0.18639400452742944,21,210.0,2.0479263789394793,indicative_snapshot_not_final,2026-10-06T13:23:31.462201+00:00,https://info.cld.hkjc.com/graphql/base/
pool,HKJC:2026-10-07:HV:R6,6,9,2,GRIT SPIRIT,0.0551487974782813,0.17979686586794552,11,110.0,-3.933632277389057,indicative_snapshot_not_final,2026-10-06T13:23:31.462201+00:00,https://info.cld.hkjc.com/graphql/base/
pool,HKJC:2026-10-07:HV:R6,6,10,12,MAJESTIC DELIGHT,0.054440121406123,0.17768407147843807,37,370.0,10.14284492026551,indicative_snapshot_not_final,2026-10-06T13:23:31.462201+00:00,https://info.cld.hkjc.com/graphql/base/
pool,HKJC:2026-10-07:HV:R6,6,11,1,HEALTHY HEALTHY,0.0503065348233694,0.16527342611374177,24,240.0,2.0735683576086554,indicative_snapshot_not_final,2026-10-06T13:23:31.462201+00:00,https://info.cld.hkjc.com/graphql/base/
pool,HKJC:2026-10-07:HV:R6,6,12,11,VIEW OF COSMOS,0.0103811786405638,0.03713180485941641,32,320.0,-6.6780228350195845,indicative_snapshot_not_final,2026-10-06T13:23:31.462201+00:00,https://info.cld.hkjc.com/graphql/base/
pool,HKJC:2026-10-07:HV:R7,7,1,9,BRIGHT DAY,0.1817138746728972,0.48902422781943644,10,100.0,8.171387467289719,indicative_snapshot_not_final,2026-10-06T13:23:32.955824+00:00,https://info.cld.hkjc.com/graphql/base/
pool,HKJC:2026-10-07:HV:R7,7,2,5,TARGET AUDIENCE,0.160920092962388,0.44731793498429245,4.0,40.0,-3.5631962815044806,indicative_snapshot_not_final,2026-10-06T13:23:32.955824+00:00,https://info.cld.hkjc.com/graphql/base/
pool,HKJC:2026-10-07:HV:R7,7,3,2,FLYING WROTE,0.1281739243528819,0.37450394715295937,5.7,57.0,-2.694086311885731,indicative_snapshot_not_final,2026-10-06T13:23:32.955824+00:00,https://info.cld.hkjc.com/graphql/base/
pool,HKJC:2026-10-07:HV:R7,7,4,12,YOUNG ARROW,0.1053159018846106,0.31837162567580185,17,170.0,7.903703320383801,indicative_snapshot_not_final,2026-10-06T13:23:32.955824+00:00,https://info.cld.hkjc.com/graphql/base/
pool,HKJC:2026-10-07:HV:R7,7,5,11,DARYL FLASH,0.094048518438576,0.2890846815289966,4.7,47.0,-5.579719633386928,indicative_snapshot_not_final,2026-10-06T13:23:32.955824+00:00,https://info.cld.hkjc.com/graphql/base/
pool,HKJC:2026-10-07:HV:R7,7,6,10,QUANTUM CLOUD,0.0713909361450185,0.22694912315485524,11,110.0,-2.146997024047965,indicative_snapshot_not_final,2026-10-06T13:23:32.955824+00:00,https://info.cld.hkjc.com/graphql/base/
pool,HKJC:2026-10-07:HV:R7,7,7,3,JUBILANT WINNER,0.062385460198518,0.20104442080994786,23,230.0,4.34865584565914,indicative_snapshot_not_final,2026-10-06T13:23:32.955824+00:00,https://info.cld.hkjc.com/graphql/base/
pool,HKJC:2026-10-07:HV:R7,7,8,7,SAVVY BRILLIANT,0.0535804385237829,0.17504480111068324,20,200.0,0.7160877047565801,indicative_snapshot_not_final,2026-10-06T13:23:32.955824+00:00,https://info.cld.hkjc.com/graphql/base/
pool,HKJC:2026-10-07:HV:R7,7,9,8,MATTERS MOST,0.0475373284564008,0.15681157402646442,14,140.0,-3.3447740161038872,indicative_snapshot_not_final,2026-10-06T13:23:32.955824+00:00,https://info.cld.hkjc.com/graphql/base/
pool,HKJC:2026-10-07:HV:R7,7,10,6,POWER KOEPP,0.0344857009550322,0.11632352525818193,13,130.0,-5.516858875845814,indicative_snapshot_not_final,2026-10-06T13:23:32.955824+00:00,https://info.cld.hkjc.com/graphql/base/
pool,HKJC:2026-10-07:HV:R7,7,11,1,AURORA LADY,0.0306015591467589,0.10397142110953161,21,210.0,-3.5736725791806307,indicative_snapshot_not_final,2026-10-06T13:23:32.955824+00:00,https://info.cld.hkjc.com/graphql/base/
pool,HKJC:2026-10-07:HV:R7,7,12,4,LUCKY PLANET,0.0298462642631345,0.10155271736884894,19,190.0,-4.329209790004445,indicative_snapshot_not_final,2026-10-06T13:23:32.955824+00:00,https://info.cld.hkjc.com/graphql/base/
pool,HKJC:2026-10-07:HV:R8,8,1,1,DAZZLING FIT,0.1960128031129017,0.5146986554412165,4.6,46.0,-0.9834110568065224,indicative_snapshot_not_final,2026-10-06T13:23:33.506775+00:00,https://info.cld.hkjc.com/graphql/base/
pool,HKJC:2026-10-07:HV:R8,8,2,2,POPE CODY,0.1622339986799421,0.4491210230775301,8.0,80.0,2.9787198943953683,indicative_snapshot_not_final,2026-10-06T13:23:33.506775+00:00,https://info.cld.hkjc.com/graphql/base/
pool,HKJC:2026-10-07:HV:R8,8,3,9,AUDACIOUS PURSUIT,0.101339215796734,0.30749908726515957,19,190.0,9.254451001379458,indicative_snapshot_not_final,2026-10-06T13:23:33.506775+00:00,https://info.cld.hkjc.com/graphql/base/
pool,HKJC:2026-10-07:HV:R8,8,4,10,FLYING FORTUNE,0.0954292693742543,0.29210353778470477,10,100.0,-0.4570730625745689,indicative_snapshot_not_final,2026-10-06T13:23:33.506775+00:00,https://info.cld.hkjc.com/graphql/base/
pool,HKJC:2026-10-07:HV:R8,8,5,5,RUN RUN SMART,0.0870956130344465,0.2698951091855345,18,180.0,5.67721034620037,indicative_snapshot_not_final,2026-10-06T13:23:33.506775+00:00,https://info.cld.hkjc.com/graphql/base/
pool,HKJC:2026-10-07:HV:R8,8,6,4,DO YOU JUST,0.0730612883675396,0.2311729251163819,5.5,55.0,-5.981629139785322,indicative_snapshot_not_final,2026-10-06T13:23:33.506775+00:00,https://info.cld.hkjc.com/graphql/base/
pool,HKJC:2026-10-07:HV:R8,8,7,11,URANUS STAR,0.0633367212754759,0.20336488697400043,7.2,72.0,-5.439756068165735,indicative_snapshot_not_final,2026-10-06T13:23:33.506775+00:00,https://info.cld.hkjc.com/graphql/base/
pool,HKJC:2026-10-07:HV:R8,8,8,3,PRESTIGE GOOD,0.0532804951929915,0.1737596855988581,10,100.0,-4.67195048070085,indicative_snapshot_not_final,2026-10-06T13:23:33.506775+00:00,https://info.cld.hkjc.com/graphql/base/
pool,HKJC:2026-10-07:HV:R8,8,9,6,CALL ME TOPSEED,0.0473748786190625,0.15596633674700117,29,290.0,3.7387147995281236,indicative_snapshot_not_final,2026-10-06T13:23:33.506775+00:00,https://info.cld.hkjc.com/graphql/base/
pool,HKJC:2026-10-07:HV:R8,8,10,8,RISING PHOENIX,0.0429869532380458,0.14254737804991216,16,160.0,-3.122087481912672,indicative_snapshot_not_final,2026-10-06T13:23:33.506775+00:00,https://info.cld.hkjc.com/graphql/base/
pool,HKJC:2026-10-07:HV:R8,8,11,7,LEGEND WINNER,0.0416795587911513,0.1385160551215918,33,330.0,3.7542544010799297,indicative_snapshot_not_final,2026-10-06T13:23:33.506775+00:00,https://info.cld.hkjc.com/graphql/base/
pool,HKJC:2026-10-07:HV:R8,8,12,12,REFUSETOBEENGLISH,0.036169204517454,0.12135531963810998,7.4,74.0,-7.323478865708404,indicative_snapshot_not_final,2026-10-06T13:23:33.506775+00:00,https://info.cld.hkjc.com/graphql/base/
pool,HKJC:2026-10-07:HV:R9,9,1,6,PRESTIGE ALWAYS,0.201071813590986,0.5376872392103534,7.3,73.0,4.6782423921419785,indicative_snapshot_not_final,2026-10-06T13:23:34.894742+00:00,https://info.cld.hkjc.com/graphql/base/
pool,HKJC:2026-10-07:HV:R9,9,2,9,LIVE WIRE,0.1810821781388419,0.5001966019012254,13,130.0,13.540683158049447,indicative_snapshot_not_final,2026-10-06T13:23:34.894742+00:00,https://info.cld.hkjc.com/graphql/base/
pool,HKJC:2026-10-07:HV:R9,9,3,7,THE HEIR,0.1566644558657547,0.4499162206999274,4.0,40.0,-3.733421765369812,indicative_snapshot_not_final,2026-10-06T13:23:34.894742+00:00,https://info.cld.hkjc.com/graphql/base/
pool,HKJC:2026-10-07:HV:R9,9,4,1,AURIO,0.129359784962548,0.38758767470920036,5.3,53.0,-3.1439313969849563,indicative_snapshot_not_final,2026-10-06T13:23:34.894742+00:00,https://info.cld.hkjc.com/graphql/base/
pool,HKJC:2026-10-07:HV:R9,9,5,5,THUNDER KIT,0.084038313126481,0.26964346783587456,12,120.0,0.08459757517771926,indicative_snapshot_not_final,2026-10-06T13:23:34.894742+00:00,https://info.cld.hkjc.com/graphql/base/
pool,HKJC:2026-10-07:HV:R9,9,6,2,MOTOR,0.0514518304777536,0.17361859630774398,9.2,92.0,-5.266431596046669,indicative_snapshot_not_final,2026-10-06T13:23:34.894742+00:00,https://info.cld.hkjc.com/graphql/base/
pool,HKJC:2026-10-07:HV:R9,9,7,4,AMAZING KID,0.0448562878044788,0.15302150113789945,20,200.0,-1.0287424391042403,indicative_snapshot_not_final,2026-10-06T13:23:34.894742+00:00,https://info.cld.hkjc.com/graphql/base/
pool,HKJC:2026-10-07:HV:R9,9,8,8,HONEST WITNESS,0.0405778791000321,0.13944505027992474,20,200.0,-1.8844241799935801,indicative_snapshot_not_final,2026-10-06T13:23:34.894742+00:00,https://info.cld.hkjc.com/graphql/base/
pool,HKJC:2026-10-07:HV:R9,9,9,11,STORMING DRAGON,0.0375957710022751,0.12987995370294986,13,130.0,-5.112549769704238,indicative_snapshot_not_final,2026-10-06T13:23:34.894742+00:00,https://info.cld.hkjc.com/graphql/base/
pool,HKJC:2026-10-07:HV:R9,9,10,12,THUNDER ACTION,0.0295925378424863,0.10378291654075195,12,120.0,-6.448895458901644,indicative_snapshot_not_final,2026-10-06T13:23:34.894742+00:00,https://info.cld.hkjc.com/graphql/base/
pool,HKJC:2026-10-07:HV:R9,9,11,3,GUSTOSISIMO,0.0293141864746492,0.1028637704356573,13,130.0,-6.189155758295604,indicative_snapshot_not_final,2026-10-06T13:23:34.894742+00:00,https://info.cld.hkjc.com/graphql/base/
pool,HKJC:2026-10-07:HV:R9,9,12,10,TRIPLE FORTUNE,0.0143949616137128,0.052357007238491,20,200.0,-7.12100767725744,indicative_snapshot_not_final,2026-10-06T13:23:34.894742+00:00,https://info.cld.hkjc.com/graphql/base/
